AACB,2025-04-07
AACBR,1900-01-01
AACBU,2025-02-13
AACG,2008-01-29
AADR,2010-07-21
AAEQ,2025-12-12
AAL,2005-09-27
AALG,2025-07-11
AAME,1980-03-17
AAOI,2013-09-26
AAON,1992-12-16
AAPB,2022-08-10
AAPD,2022-08-10
AAPG,2025-01-24
AAPL,1980-12-12
AAPU,2022-08-09
AARD,2025-02-13
AAUS,2025-07-23
AAVM,2017-05-04
AAXJ,2008-08-15
ABAT,2016-02-24
ABCL,2020-12-11
ABCS,2023-12-20
ABEO,1980-09-19
ABI,2025-06-26
ABIG,2025-04-09
ABLV,2022-09-12
ABLVW,1900-01-01
ABNB,2020-12-10
ABNG,2025-11-17
ABOS,2021-07-01
ABP,2022-03-09
ABPWW,1900-01-01
ABSI,2021-07-22
ABTC,2018-02-26
ABTS,2014-04-10
ABUS,2007-07-26
ABVC,2004-11-10
ABVE,2024-07-02
ABVEW,1900-01-01
ABVX,2023-10-20
ACAD,2004-05-27
ACB,2014-07-15
ACCL,2025-10-17
ACDC,2022-05-13
ACEP,2025-11-24
ACET,2018-01-26
ACFN,1992-02-11
ACGL,1995-09-14
ACGLN,2021-06-03
ACGLO,2017-08-21
ACHC,1994-03-04
ACHV,1995-10-12
ACIC,2007-11-07
ACIU,2016-09-23
ACIW,1995-02-24
ACLS,2000-07-11
ACLX,2022-02-04
ACMR,2017-11-02
ACNB,1994-04-04
ACNT,1980-03-17
ACOG,2024-11-12
ACON,2022-04-22
ACONW,1900-01-01
ACRS,2015-10-06
ACRV,2022-11-15
ACT,2021-09-16
ACTG,2002-12-16
ACTU,2024-08-13
ACWI,2008-03-28
ACWX,2008-04-01
ACXP,2021-06-25
ADACU,2025-12-18
ADAG,2021-02-09
ADAM,2004-07-26
ADAMG,2025-01-15
ADAMH,2025-07-09
ADAMI,2024-07-02
ADAML,2021-06-30
ADAMM,2019-10-18
ADAMN,2017-10-30
ADAMO,2026-01-14
ADAMZ,2021-11-18
ADBE,1986-08-13
ADBG,2025-03-21
ADEA,2003-11-13
ADGM,2024-08-01
ADI,1980-03-17
ADIL,2018-07-27
ADMA,2013-10-17
ADP,1980-03-17
ADPT,2019-06-27
ADSE,2021-03-10
ADSEW,1900-01-01
ADSK,1985-06-28
ADTN,1994-08-10
ADTX,2020-06-30
ADUR,2024-08-15
ADUS,2009-10-28
ADV,2020-01-02
ADVB,2025-03-06
ADXN,2020-02-12
AEAQ,2026-01-26
AEAQU,2025-12-04
AEAQW,1900-01-01
AEBI,2025-07-02
AEC,2012-03-14
AEHL,2007-12-17
AEHR,1997-08-15
AEI,2020-11-25
AEIS,1995-11-17
AEMD,1999-03-04
AENT,2021-03-24
AENTW,1900-01-01
AEP,1900-01-01
AERT,2021-12-17
AERTW,1900-01-01
AEVA,2020-02-27
AEVAW,1900-01-01
AEYE,2013-04-26
AFBI,2017-04-28
AFCG,2021-03-19
AFJK,2024-01-22
AFJKR,1900-01-01
AFJKU,2023-12-04
AFOS,2025-06-26
AFRI,2021-02-05
AFRIW,1900-01-01
AFRM,2021-01-13
AFSC,2025-02-18
AFYA,2019-07-19
AGAE,2017-10-25
AGCC,2025-10-22
AGEM,2025-02-19
AGEN,2000-02-08
AGGA,2025-05-02
AGH,2025-02-12
AGIO,2013-07-24
AGIX,2024-07-18
AGMH,2018-04-18
AGMI,2024-05-03
AGNC,2008-05-15
AGNCL,2022-09-09
AGNCM,2019-03-06
AGNCN,2017-08-16
AGNCO,2019-09-27
AGNCP,2020-02-05
AGNCZ,2025-09-04
AGNG,2016-05-10
AGPU,2010-05-03
AGRZ,2025-10-01
AGYS,1980-03-17
AGZD,2013-12-18
AHCO,2018-05-31
AHG,2017-11-03
AHMA,2025-10-21
AIA,2007-11-20
AIFD,2024-05-06
AIFF,1994-04-06
AIFU,2007-11-01
AIHS,2018-03-19
AIIO,2020-03-20
AIIOW,1900-01-01
AIMD,2021-01-08
AIMDW,1900-01-01
AIOT,1999-06-30
AIP,2021-10-27
AIPI,2024-06-04
AIPO,2025-07-25
AIQ,2018-05-16
AIRE,2023-10-23
AIRG,2016-08-12
AIRJ,2022-02-01
AIRJW,1900-01-01
AIRO,2025-06-13
AIRR,2014-03-11
AIRS,2021-10-29
AIRT,1984-04-24
AIRTP,2019-06-13
AISP,2021-05-10
AISPW,1900-01-01
AIXC,2015-06-23
AIXI,2023-03-09
AKAM,1999-10-29
AKAN,2022-03-15
AKBA,2014-03-20
AKTS,2026-01-09
AKTX,2014-01-06
ALAB,2024-03-20
ALAR,2018-08-17
ALBG,2026-01-13
ALBT,2018-03-27
ALCO,1973-05-03
ALCY,2023-07-07
ALCYU,2023-05-05
ALCYW,1900-01-01
ALDF,2024-12-13
ALDFU,2024-10-22
ALDFW,1900-01-01
ALDX,2014-05-02
ALEC,2019-02-07
ALF,2024-08-01
ALFUU,2024-06-11
ALFUW,1900-01-01
ALGM,2020-10-29
ALGN,2001-01-30
ALGS,2020-10-16
ALGT,2006-12-08
ALHC,2021-03-26
ALIL,2025-04-09
ALIS,2025-11-19
ALISR,1900-01-01
ALISU,2025-10-22
ALKS,1991-07-16
ALKT,2021-04-14
ALLO,2018-10-11
ALLR,2021-12-21
ALLT,2006-11-16
ALLW,2025-03-06
ALM,2013-06-17
ALMS,2024-06-28
ALMU,2023-02-28
ALNT,1980-10-20
ALNY,2004-06-01
ALOT,1981-10-01
ALOVU,2026-01-21
ALPS,2025-10-31
ALRM,2015-06-26
ALRS,2003-03-20
ALT,2017-05-26
ALTI,2021-04-27
ALTO,2005-03-24
ALTS,1991-11-07
ALTY,2015-07-14
ALVO,2022-06-16
ALVOW,1900-01-01
ALXO,2020-07-17
ALZN,2021-06-15
AMAL,2018-08-09
AMAT,1980-03-17
AMBA,2012-10-10
AMBR,2017-12-21
AMCI,2023-01-25
AMCX,2011-06-16
AMD,1980-03-17
AMDD,2025-02-12
AMDG,2025-01-24
AMDL,2024-03-18
AMGN,1983-06-17
AMID,2022-08-17
AMIX,2024-01-29
AMKR,1998-05-01
AMLX,2022-01-07
AMOD,2021-10-29
AMODW,1900-01-01
AMPG,2021-01-08
AMPGR,1900-01-01
AMPGW,2021-02-18
AMPGZ,1900-01-01
AMPH,2014-06-25
AMPL,2021-09-28
AMRN,1993-04-01
AMRX,2018-05-07
AMSC,1991-12-12
AMSF,2005-11-18
AMST,2020-09-25
AMTX,2006-06-27
AMUN,2025-10-21
AMUU,2025-04-03
AMWD,1986-07-18
AMYY,2025-09-16
AMZD,2022-09-08
AMZN,1997-05-15
AMZU,2022-09-07
AMZZ,2024-03-18
ANAB,2017-01-26
ANDE,1996-02-20
ANEB,2021-05-07
ANEL,2025-09-04
ANGH,2020-08-21
ANGHW,1900-01-01
ANGI,2011-11-17
ANGL,2012-04-11
ANGO,2004-06-01
ANIK,1993-05-03
ANIP,2000-05-05
ANIX,1983-10-07
ANL,2023-09-29
ANNA,2022-02-22
ANNAW,1900-01-01
ANNX,2020-07-24
ANPA,2025-07-08
ANSC,2024-01-03
ANSCU,2023-11-09
ANSCW,1900-01-01
ANTA,2025-05-13
ANTX,2022-03-25
ANV,2026-02-03
ANY,2013-08-12
AOHY,2024-02-20
AOSL,2010-04-29
AOTG,2022-06-29
AOUT,2020-08-21
APA,1979-05-15
APAC,2025-11-21
APACR,1900-01-01
APACU,2025-09-30
APAD,2025-08-27
APADR,1900-01-01
APADU,2025-07-30
APEI,2007-11-09
APGE,2023-07-14
API,2020-06-26
APLD,2022-04-13
APLM,2021-11-26
APLMW,2023-03-30
APLS,2017-11-09
APM,2018-12-18
APOG,1973-05-03
APP,2021-04-15
APPF,2015-06-26
APPN,2017-05-25
APPS,2006-07-06
APPX,2025-04-25
APRE,2019-10-03
APVO,2016-07-20
APWC,2003-07-15
APXT,2025-11-17
APXTU,2025-10-28
APXTW,1900-01-01
APYX,2019-01-02
AQB,2017-01-11
AQMS,2015-07-31
AQST,2018-07-25
AQWA,2021-04-12
ARAI,2025-05-15
ARAY,2007-02-08
ARBB,2023-04-05
ARBE,2020-10-30
ARBEW,1900-01-01
ARBK,2021-09-23
ARCB,1992-05-13
ARCC,2004-10-05
ARCIU,2026-01-23
ARCT,2013-05-22
ARDX,2014-06-19
AREB,2022-02-07
AREBW,1900-01-01
AREC,2017-06-30
ARGX,2017-05-18
ARHS,2021-11-04
ARKO,2019-07-23
ARKR,1985-12-13
ARLP,1999-08-17
ARM,2023-09-14
ARMG,2025-01-14
AROW,1980-09-18
ARQ,2004-01-23
ARQQ,2021-04-01
ARQQW,2022-08-02
ARQT,2020-01-31
ARRY,2020-10-15
ARTCU,2026-01-06
ARTL,2019-06-21
ARTNA,1994-04-28
ARTV,2024-07-19
ARTW,1980-03-17
ARVN,2018-09-27
ARVR,2022-04-20
ARWR,1993-12-16
ASBP,2022-04-11
ASBPW,1900-01-01
ASCI,2025-10-20
ASLE,2019-02-28
ASMB,2010-12-17
ASMG,2025-01-14
ASML,1995-03-15
ASND,2015-01-28
ASNS,2022-05-13
ASO,2020-10-02
ASPC,2025-01-03
ASPCR,1900-01-01
ASPCU,2024-11-08
ASPI,2022-11-10
ASPS,2009-08-06
ASPSW,1900-01-01
ASPSZ,1900-01-01
ASRT,1997-12-03
ASRV,1985-01-30
ASST,2023-02-03
ASTC,1995-12-21
ASTE,1986-06-18
ASTH,2009-03-11
ASTI,2022-08-24
ASTL,2021-03-04
ASTLW,1900-01-01
ASTS,2019-11-01
ASUR,1992-04-07
ASYS,1983-08-09
ATAI,2021-06-18
ATAT,2022-11-11
ATCX,2026-01-09
ATEC,2006-06-12
ATER,2019-06-12
ATEX,2015-02-03
ATGL,2023-10-31
ATHE,2003-09-29
ATHR,2025-04-10
ATII,2025-04-03
ATIIU,2025-02-11
ATIIW,1900-01-01
ATLC,1999-04-23
ATLCL,2021-11-23
ATLCP,2021-06-14
ATLCZ,2024-01-31
ATLN,2021-08-27
ATLO,2000-02-15
ATLX,2013-02-28
ATNI,1991-11-14
ATOM,2016-08-08
ATON,2002-01-02
ATOS,2012-11-08
ATPC,2023-09-11
ATRA,2014-10-16
ATRC,2005-08-05
ATRO,1980-03-17
ATXG,2018-03-06
ATYR,2015-05-07
AUBN,1995-08-03
AUDC,1999-05-28
AUGO,2025-07-16
AUID,2021-06-14
AUMI,2023-12-13
AUPH,2014-09-03
AUR,2021-05-10
AURA,2021-10-29
AURE,2023-07-07
AUROW,1900-01-01
AUTL,2018-06-22
AUUD,2021-02-17
AUUDW,1900-01-01
AVAH,2021-04-28
AVAV,2007-01-23
AVBH,2004-07-12
AVBP,2024-01-26
AVDL,1996-06-07
AVGB,2025-04-17
AVGG,2025-05-16
AVGO,2009-08-06
AVGU,2025-07-15
AVGX,2024-08-22
AVIR,2020-10-30
AVL,2024-10-10
AVNW,1987-05-19
AVO,2020-10-02
AVPT,2019-11-05
AVR,2024-12-13
AVS,2024-10-10
AVT,1973-05-03
AVTX,2015-10-14
AVUQ,2025-04-03
AVX,2021-07-08
AVXC,2024-03-21
AVXL,2006-08-02
AVXX,2025-10-24
AWRE,1996-08-09
AXG,2023-09-07
AXGN,1986-12-17
AXIN,2025-08-01
AXINR,1900-01-01
AXINU,2025-06-18
AXON,2001-06-19
AXSM,2015-11-19
AXTI,1998-05-21
AYTU,2008-09-25
AZ,2021-01-08
AZI,2024-08-28
AZTA,1995-02-02
AZYY,2025-09-16
BABX,2022-12-13
BACC,2025-08-04
BACCR,1900-01-01
BACCU,2025-06-13
BACQ,2024-12-02
BACQR,1900-01-01
BACQU,2024-11-01
BAER,2021-03-17
BAERW,1900-01-01
BAFE,2024-11-19
BAFN,2021-01-08
BAIG,2025-08-21
BALQ,2025-12-03
BAND,2017-11-09
BANF,1990-03-26
BANFP,2004-03-16
BANL,2023-03-23
BANR,1995-11-01
BANX,2013-11-07
BANXR,1900-01-01
BAOS,2021-02-08
BASG,2025-06-16
BASV,2025-06-16
BATRA,2016-04-18
BATRK,2016-04-18
BAYA,2023-12-29
BAYAR,1900-01-01
BAYAU,2023-12-15
BBB,2024-12-18
BBCP,2017-08-21
BBCQ,2026-01-28
BBCQU,2026-01-08
BBCQW,2026-01-28
BBGI,2000-02-11
BBH,1999-11-23
BBIO,2019-06-27
BBLG,2021-10-13
BBLGW,2021-10-13
BBNX,2025-01-30
BBOT,2024-02-09
BBSI,1993-06-11
BBYY,2025-10-22
BCAB,2020-12-16
BCAL,2005-11-10
BCAR,2025-08-20
BCARU,2025-07-31
BCARW,1900-01-01
BCAX,2024-09-13
BCBP,2003-10-15
BCDA,1996-11-13
BCFN,2025-12-15
BCG,2024-03-27
BCGWW,1900-01-01
BCIC,2006-12-12
BCLO,2025-01-30
BCML,2005-11-10
BCPC,1986-06-03
BCRX,1994-03-04
BCTK,2025-12-15
BCTX,2012-03-14
BCTXL,1900-01-01
BCTXW,1900-01-01
BCTXZ,1900-01-01
BCYC,2019-05-23
BDCI,2025-10-16
BDCIU,2025-09-30
BDCIW,1900-01-01
BDGS,2023-05-11
BDMD,2021-12-16
BDMDW,1900-01-01
BDRX,2015-12-07
BDSX,2020-10-28
BDTX,2020-01-31
BDVL,2025-09-15
BDYN,2025-09-15
BEAG,2024-12-16
BEAGR,1900-01-01
BEAGU,2024-10-24
BEAM,2020-02-06
BEAT,2021-11-11
BEATW,1900-01-01
BEDY,2025-12-09
BEEM,2010-05-03
BEEP,2023-08-28
BEEX,2024-12-16
BEEZ,2023-11-08
BEG,2025-12-16
BELFA,1983-12-06
BELFB,1998-07-10
BELT,2024-06-18
BENF,2021-12-03
BENFW,1900-01-01
BETR,2021-04-30
BETRW,1900-01-01
BFC,2003-10-15
BFRG,2023-02-13
BFRGW,1900-01-01
BFRI,2021-10-29
BFRIW,1900-01-01
BFST,2018-04-23
BGC,1999-12-10
BGIN,2025-10-21
BGL,2025-06-26
BGLC,2021-01-08
BGLWW,1900-01-01
BGM,2021-01-12
BGMS,2004-03-16
BGMSP,2005-11-30
BGRN,2018-11-27
BGRO,2024-06-05
BHAT,2019-07-26
BHF,2017-07-17
BHFAL,2018-09-14
BHFAM,2021-11-11
BHFAN,2020-11-11
BHFAO,2020-05-19
BHFAP,2019-03-18
BHRB,2003-10-07
BHST,2021-01-08
BIAF,2022-09-01
BIAFW,1900-01-01
BIB,2010-04-09
BIDG,2025-12-18
BIDU,2005-08-05
BIIB,1991-09-17
BILI,2018-03-28
BIOA,2024-09-26
BIOX,2018-03-22
BIRD,2021-11-03
BIS,2010-04-09
BITF,2019-08-16
BITS,2021-11-16
BIVI,2020-09-18
BIVIW,1900-01-01
BIXI,2025-12-19
BIXIU,2025-12-02
BIXIW,2025-12-23
BIYA,2025-03-21
BJDX,2021-11-10
BJK,2008-01-24
BJRI,1996-10-09
BKCH,2021-07-14
BKHA,2024-05-13
BKHAR,1900-01-01
BKHAU,2024-03-21
BKMI,2026-01-12
BKMS,2026-01-12
BKNG,1999-03-31
BKR,1987-04-06
BKYI,1997-02-21
BL,2016-10-28
BLBD,2014-03-20
BLBX,2016-08-01
BLCN,2018-01-17
BLCR,2023-10-26
BLDP,1995-11-08
BLFS,1989-11-22
BLFY,2021-07-16
BLIN,2007-06-29
BLIV,2025-04-04
BLKB,2004-07-26
BLLN,2025-11-06
BLMN,2012-08-08
BLNE,2017-01-03
BLNK,2009-12-21
BLRK,2026-02-03
BLRKU,2025-12-11
BLRKW,1900-01-01
BLRX,2011-07-27
BLSG,2025-10-27
BLTE,2022-04-29
BLUW,2025-07-31
BLUWU,2025-06-10
BLUWW,1900-01-01
BLZE,2021-11-11
BLZR,2025-11-03
BLZRU,2025-09-09
BLZRW,1900-01-01
BMAX,2025-03-14
BMBL,2021-02-11
BMEA,2021-04-16
BMGL,2025-02-25
BMHL,2025-07-11
BMM,2026-01-26
BMNG,2025-10-27
BMOP,2026-01-12
BMR,2023-02-28
BMRA,1984-09-07
BMRC,1999-12-23
BMRN,1999-07-26
BNAI,2021-04-28
BNAIW,1900-01-01
BNBX,2003-07-15
BNC,2014-03-17
BNCWW,1900-01-01
BND,2007-04-10
BNDP,2025-12-04
BNDW,2018-09-06
BNDX,2013-06-04
BNGO,2018-08-21
BNKK,2020-10-30
BNR,2020-06-12
BNRG,2022-05-25
BNTC,2014-06-24
BNTX,2019-10-10
BNZI,2021-02-12
BNZIW,1900-01-01
BODI,2021-01-15
BOED,2025-04-23
BOEG,2025-06-13
BOEU,2025-04-23
BOF,2023-06-16
BOKF,1991-09-05
BOLD,2024-03-28
BOLT,2021-02-05
BON,2021-06-24
BOOM,1989-01-05
BOSC,1996-04-02
BOTJ,2000-08-10
BOTT,2024-04-22
BOTZ,2016-09-13
BOXL,2017-11-30
BPAC,2026-01-06
BPACR,1900-01-01
BPACU,2025-11-12
BPOP,1980-03-17
BPOPM,2008-11-19
BPRN,2017-05-31
BPYPM,2021-07-27
BPYPN,2020-02-11
BPYPO,2019-08-21
BPYPP,2019-03-14
BRAG,2018-03-27
BRBI,2025-09-19
BRCB,2025-09-12
BREM,2025-10-16
BRFH,2012-05-14
BRHY,2024-06-18
BRID,1980-03-17
BRKD,2024-12-17
BRKR,2000-08-04
BRKRP,2025-09-04
BRKU,2024-12-11
BRLS,2021-10-06
BRLSW,1900-01-01
BRLT,2021-09-23
BRNS,2021-04-30
BRNY,2022-10-14
BRR,2025-06-09
BRRR,2024-01-11
BRRWW,2025-06-09
BRTR,2023-12-14
BRTX,2012-12-05
BRZE,2021-11-17
BSAA,2025-08-07
BSAAR,1900-01-01
BSAAU,2025-06-13
BSBK,2020-01-16
BSCQ,2016-09-22
BSCR,2017-09-27
BSCS,2018-08-09
BSCT,2019-09-13
BSCU,2020-09-18
BSCV,2021-09-16
BSCW,2022-09-09
BSCX,2023-09-21
BSCY,2024-06-13
BSCZ,2025-06-11
BSET,1980-03-17
BSJQ,2018-08-09
BSJR,2019-09-13
BSJS,2020-09-16
BSJT,2021-09-15
BSJU,2022-09-20
BSJV,2023-09-20
BSJW,2024-06-14
BSJX,2025-06-11
BSMQ,2019-09-26
BSMR,2019-09-26
BSMS,2019-09-26
BSMT,2019-09-25
BSMU,2020-10-12
BSMV,2021-09-21
BSMW,2023-03-02
BSMY,2024-09-11
BSMZ,2025-09-17
BSRR,1994-04-18
BSSX,2023-09-21
BSVN,2018-09-20
BSVO,2023-03-13
BSY,2020-09-23
BTAI,2018-03-08
BTBD,2021-11-12
BTBDW,1900-01-01
BTBT,2018-03-20
BTCS,2010-11-15
BTCT,2018-10-17
BTDR,2021-07-28
BTF,2021-10-22
BTGD,2024-10-16
BTM,2022-04-19
BTMD,2021-04-28
BTMWW,1900-01-01
BTOC,2024-05-14
BTOG,2019-08-15
BTQ,2025-09-26
BTSG,2024-01-26
BTSGU,2024-01-26
BTTC,2025-10-02
BU,2025-11-19
BUFC,2023-12-13
BUFI,2024-12-10
BUFM,2024-12-11
BUG,2019-11-01
BULD,2022-05-06
BULG,2025-08-11
BULL,2022-08-22
BULLW,2022-08-15
BULX,2025-09-03
BUSE,1998-10-06
BUSEP,2025-05-14
BUUU,2025-08-14
BVC,2021-03-26
BVFL,2005-02-17
BVS,2021-02-11
BWAY,2019-04-17
BWB,2018-03-14
BWBBP,2021-08-18
BWEN,2005-11-10
BWFG,2010-04-05
BWIN,2019-10-24
BWMN,2021-05-07
BYAH,2024-12-27
BYFC,1996-01-09
BYND,2019-05-02
BYRN,2006-09-12
BYSI,2017-03-09
BZ,2021-06-11
BZAI,2022-01-31
BZAIW,1900-01-01
BZFD,2021-03-05
BZFDW,1900-01-01
BZUN,2015-05-20
CA,2023-12-15
CAAS,2003-03-24
CABA,2019-10-25
CABR,2025-11-17
CAC,1997-10-08
CACC,1992-06-05
CADL,2021-07-27
CAEP,2025-06-26
CAFG,2023-05-02
CAI,2025-06-18
CAIQ,2025-11-20
CAKE,1992-09-18
CALC,2023-06-14
CALI,2023-07-14
CALM,1996-12-12
CAMP,2024-10-11
CAMT,2000-07-28
CAN,2019-11-20
CANC,2023-08-14
CANQ,2024-02-13
CAPN,2024-10-24
CAPNR,2001-01-02
CAPNU,2024-09-20
CAPR,2007-02-13
CAPS,1993-01-28
CAPT,2022-04-04
CAPTW,1900-01-01
CAR,1983-09-14
CARE,2007-03-15
CARG,2017-10-12
CARL,2025-07-23
CART,2023-09-19
CARY,2022-11-08
CARZ,2011-05-10
CASH,1993-09-20
CASI,1996-06-12
CASS,1996-07-02
CASY,1983-10-20
CATH,2016-04-26
CATY,1990-12-14
CBAT,2005-02-14
CBC,2025-11-21
CBFV,2003-10-07
CBIO,2014-01-10
CBK,2025-10-02
CBLL,2024-10-11
CBNK,2018-09-26
CBRL,1981-11-05
CBSH,1980-03-17
CBUS,2017-07-20
CCAP,2020-02-03
CCB,2018-07-19
CCBG,1994-06-06
CCC,2020-10-05
CCCC,2020-10-02
CCCX,2025-07-07
CCCXU,2025-05-13
CCCXW,1900-01-01
CCD,2015-03-27
CCEC,2007-03-30
CCEP,1986-11-24
CCFE,2025-06-12
CCG,2023-09-18
CCGWW,2023-09-18
CCHH,2025-10-03
CCII,2025-08-22
CCIIU,2025-07-01
CCIIW,2025-08-22
CCIX,2024-06-21
CCIXU,2024-05-02
CCIXW,2025-12-15
CCLD,2014-07-23
CCLDO,2022-02-03
CCNE,1994-04-04
CCNEP,2020-08-21
CCNR,2024-07-11
CCOI,2002-02-05
CCRN,2001-10-25
CCSB,2024-04-16
CCSI,2021-09-30
CCSO,2022-09-21
CCTG,2024-01-18
CCXIU,2025-12-17
CD,2015-04-08
CDC,2014-07-02
CDIG,2025-09-17
CDIO,2022-01-14
CDIOW,1900-01-01
CDL,2015-07-08
CDLX,2018-02-09
CDNA,2014-07-17
CDNL,2025-12-10
CDNS,1987-06-10
CDRO,2021-01-27
CDROW,1900-01-01
CDT,2022-03-28
CDTG,2024-04-19
CDTTW,1900-01-01
CDW,2013-06-27
CDXS,2010-04-22
CDZI,1989-01-03
CDZIP,2021-06-30
CECO,1980-12-02
CEFA,2020-06-24
CEG,2022-01-19
CELC,2017-09-20
CELH,2007-01-22
CELU,2019-08-08
CELUW,1900-01-01
CELZ,2015-11-06
CENN,2012-09-25
CENT,1992-07-15
CENTA,2007-02-06
CENX,1996-03-29
CEPF,2025-08-21
CEPI,2024-12-04
CEPO,2025-01-07
CEPT,2025-05-02
CEPV,2025-11-04
CERS,1997-01-31
CERT,2020-12-11
CETX,2015-06-25
CETY,2023-01-19
CEVA,2002-11-01
CFA,2014-07-02
CFBK,1998-12-30
CFFI,1998-05-07
CFFN,1999-04-01
CFLT,2021-06-24
CFO,2014-07-02
CG,2012-05-03
CGABL,2021-05-19
CGBD,2017-06-14
CGC,2014-04-07
CGCT,2025-06-24
CGCTU,2025-05-02
CGCTW,1900-01-01
CGEM,2021-01-08
CGEN,2000-08-11
CGNT,2021-02-08
CGNX,1989-07-20
CGO,2005-10-27
CGON,2024-01-25
CGTL,2024-11-26
CGTX,2021-10-08
CHA,2025-04-17
CHAC,2025-05-19
CHACR,1900-01-01
CHACU,2025-04-25
CHAI,2020-09-25
CHAR,2024-11-26
CHARR,1900-01-01
CHARU,2024-10-24
CHCI,2004-12-14
CHCO,1987-06-26
CHDN,1993-03-29
CHEC,2025-11-11
CHECU,2025-09-16
CHECW,1900-01-01
CHEF,2011-07-28
CHGX,2017-10-10
CHI,2002-06-27
CHKP,1996-06-28
CHMG,1999-01-04
CHNR,1995-08-07
CHPG,2025-06-20
CHPGR,1900-01-01
CHPGU,2025-05-28
CHPS,2023-07-17
CHPX,2025-10-01
CHR,2018-09-12
CHRD,2010-06-17
CHRI,2025-09-24
CHRS,2014-11-06
CHRW,1997-10-16
CHSCL,2015-01-15
CHSCM,2014-09-10
CHSCN,2014-03-06
CHSCO,2013-09-23
CHSCP,2003-03-24
CHSN,2023-03-30
CHTR,2010-01-05
CHW,2007-07-26
CHY,2003-05-29
CHYM,2025-06-12
CIBR,2015-07-07
CIFG,2025-12-11
CIFR,2020-10-20
CIGI,1995-01-20
CIGL,2025-04-21
CIIT,2013-10-10
CINF,1980-03-17
CING,2021-12-08
CINGW,1900-01-01
CISO,2022-01-14
CISS,2023-06-14
CIVB,1994-04-06
CJMB,2025-02-05
CLAR,1998-05-27
CLBK,2018-04-23
CLBT,2020-11-06
CLDX,1986-05-15
CLFD,1986-08-06
CLGN,2018-01-31
CLIK,2024-10-09
CLIR,2012-04-25
CLLS,2015-03-24
CLMB,1995-07-18
CLMT,2006-01-26
CLNE,2007-05-25
CLNN,2018-10-18
CLOA,2023-01-12
CLOD,2023-12-15
CLOU,2019-04-16
CLOV,2020-06-12
CLPS,2018-05-25
CLPT,2012-05-22
CLRB,2005-11-10
CLRO,1989-03-03
CLSK,2016-11-16
CLSKW,1900-01-01
CLSM,2021-07-13
CLST,2021-10-13
CLWT,1997-03-14
CLYM,2021-08-10
CMBM,2019-06-26
CMBO,2025-11-04
CMCO,1996-02-23
CMCSA,1980-03-17
CMCT,1993-12-17
CME,2002-12-06
CMGG,2025-11-17
CMMB,2019-02-12
CMND,2022-11-15
CMPR,2005-09-30
CMPS,2020-09-18
CMPX,2021-04-05
CMRC,2020-08-05
CMTL,1980-03-17
CMTV,1999-02-02
CNCG,2025-12-18
CNCK,2021-09-10
CNCKW,1900-01-01
CNDT,2016-12-13
CNET,2009-08-14
CNEY,2021-02-05
CNOB,1994-04-04
CNOBP,2021-08-13
CNQQ,2025-09-26
CNSP,2019-11-08
CNTA,2021-05-28
CNTB,2021-03-19
CNTX,2021-10-20
CNTY,1993-11-10
CNVS,2003-11-10
CNXC,2020-11-24
CNXN,1998-03-03
COCH,2021-04-29
COCHW,1900-01-01
COCO,2021-10-21
COCP,2012-02-22
CODA,2001-07-12
COEP,2020-12-17
COEPW,1900-01-01
COFS,2001-06-21
COGT,2018-03-29
COHU,1980-03-17
COIG,2025-03-17
COIN,2021-04-14
COKE,1973-02-21
COLA,2025-03-17
COLAR,1900-01-01
COLAU,2025-01-23
COLB,1992-06-16
COLL,2015-05-07
COLM,1998-03-27
COMT,2014-10-16
CONI,2024-09-04
CONL,2022-08-10
CONX,2025-11-19
COO,1983-01-21
COOT,2020-12-10
COOTW,1900-01-01
COPJ,2023-02-02
COPP,2024-03-06
CORO,2024-12-06
CORT,2004-04-14
CORZ,2024-01-24
CORZW,1900-01-01
CORZZ,1900-01-01
COSM,2010-07-23
COST,1986-07-09
COTG,2025-09-18
COWG,2022-12-30
COWS,2023-09-13
COYA,2022-12-29
COYY,2025-07-29
CPAG,2025-08-12
CPB,1973-02-21
CPBI,2023-10-20
CPHC,2008-09-08
CPHY,2025-08-12
CPIX,2009-08-11
CPLS,2024-01-02
CPOP,2021-06-30
CPRT,1994-03-17
CPRX,2006-11-08
CPSH,1994-04-05
CPSS,1992-10-22
CPZ,2019-11-26
CRAC,2025-12-09
CRACR,1900-01-01
CRACU,2025-11-07
CRACW,1900-01-01
CRAI,1998-04-24
CRAN,2026-01-12
CRANR,1900-01-01
CRANU,2025-12-16
CRAQ,2025-06-23
CRAQR,1900-01-01
CRAQU,2025-05-23
CRBP,2014-10-27
CRBU,2021-07-23
CRCG,2025-08-11
CRCT,2021-03-26
CRDF,2004-07-27
CRDL,2019-01-15
CRDO,2022-01-27
CRE,2025-07-23
CREG,2004-12-22
CRESW,1900-01-01
CRESY,1997-03-19
CREV,2023-11-03
CREVW,1900-01-01
CREX,2006-11-27
CRGO,2021-11-17
CRGOW,1900-01-01
CRIS,2000-08-01
CRMD,2010-05-13
CRMG,2025-04-04
CRML,2022-02-07
CRMLW,1900-01-01
CRMT,1987-03-13
CRNC,2019-09-16
CRNT,2000-08-04
CRNX,2018-07-18
CRON,2018-02-27
CROX,2006-02-08
CRSP,2016-10-19
CRSR,2020-09-23
CRTO,2013-10-30
CRUS,1989-06-09
CRVL,1991-06-28
CRVO,2008-05-23
CRVS,2016-03-23
CRWD,2019-06-12
CRWG,2025-08-11
CRWL,2024-11-12
CRWS,2003-10-07
CRWV,2025-03-28
CSAI,2025-01-30
CSB,2015-07-29
CSBR,2007-02-02
CSCL,2025-06-25
CSCO,1990-02-16
CSCS,2025-06-25
CSGP,1998-07-01
CSGS,1996-02-28
CSIQ,2006-11-09
CSPI,1982-01-29
CSQ,2004-04-01
CSTE,2012-03-22
CSTL,2019-07-25
CSWC,1980-03-17
CSX,1980-11-03
CTAS,1983-08-19
CTBI,1987-12-29
CTEC,2020-10-29
CTKB,2021-07-23
CTLP,1999-06-07
CTMX,2015-10-08
CTNM,2024-04-05
CTNT,2023-08-01
CTOR,2022-12-08
CTRM,2019-02-11
CTRN,2005-05-18
CTSH,1998-06-19
CTSO,2006-08-08
CTW,2025-08-06
CTXR,2014-10-02
CUB,2024-08-12
CUBWU,2024-06-18
CUBWW,1900-01-01
CUE,2018-01-02
CUPR,2025-04-10
CURI,2020-01-08
CURR,2024-09-03
CURX,2025-08-26
CUSD,2021-09-21
CV,2025-07-02
CVBF,1983-04-04
CVCO,2003-07-01
CVGI,2004-08-09
CVGW,2002-07-22
CVKD,2023-01-20
CVLT,2006-09-22
CVNX,2025-05-29
CVRX,2021-06-30
CVV,1999-03-01
CWBC,1999-03-08
CWCO,1995-01-25
CWD,2023-05-18
CWST,1997-10-29
CXAI,2021-02-04
CXAIW,1900-01-01
CXDO,2018-03-27
CXSE,2012-09-20
CYBR,2014-09-24
CYCN,2019-03-18
CYCU,2025-02-18
CYCUW,1900-01-01
CYN,2021-10-20
CYPH,2017-01-25
CYRX,2005-08-22
CYTK,2004-04-30
CZAR,2023-12-13
CZFS,1999-01-04
CZNC,1994-04-05
CZR,2014-09-22
CZWI,2004-03-30
DAAQ,2025-06-02
DAAQU,2025-04-30
DAAQW,1900-01-01
DADS,2025-08-06
DAIC,2025-06-23
DAICW,1900-01-01
DAIO,1989-01-03
DAK,2025-07-30
DAKT,1994-02-10
DALI,2018-05-15
DAPP,2021-04-15
DARE,2014-04-10
DASH,2020-12-09
DAVE,2021-04-26
DAVEW,1900-01-01
DAWN,2021-05-27
DAX,2014-10-23
DBGI,2021-05-14
DBSC,2025-12-16
DBVT,2014-10-22
DBX,2018-03-23
DCBO,2020-12-03
DCGO,2020-12-17
DCOM,1999-01-12
DCOMG,2024-07-02
DCOMP,2020-01-30
DCOY,2015-01-29
DCTH,2018-05-03
DCX,2022-01-07
DDI,2021-08-31
DDIV,2014-03-11
DDOG,2019-09-19
DECO,2024-09-10
DEFT,2024-08-15
DEMZ,2020-11-04
DERM,2021-11-12
DEVS,2024-11-08
DFDV,2023-07-25
DFDVW,2025-11-06
DFGP,2023-11-08
DFGX,2023-11-08
DFLI,2021-08-24
DFLIW,1900-01-01
DFSC,2021-01-08
DFSCW,1900-01-01
DFTX,2016-11-15
DGCB,2023-11-09
DGICA,2003-07-03
DGICB,1986-10-29
DGII,1989-10-06
DGLO,2025-08-07
DGNX,2025-01-22
DGRE,2013-08-01
DGRS,2013-07-25
DGRW,2013-05-22
DGXX,2021-01-08
DH,2021-09-15
DHC,2000-02-23
DHCNI,2012-07-23
DHCNL,1900-01-01
DHIL,1996-06-06
DIBS,2021-06-10
DIME,2025-10-07
DIOD,1973-02-21
DIVD,2022-09-30
DJCO,1986-06-11
DJT,2021-09-30
DJTWW,2024-03-26
DKI,2025-08-08
DKNG,2019-07-25
DKNX,2025-07-31
DLHC,1986-05-29
DLLL,2025-02-14
DLO,2021-06-03
DLPN,2006-11-02
DLTH,2015-11-20
DLTR,1995-03-07
DLXY,2025-07-09
DMAA,2025-02-25
DMAAR,1900-01-01
DMAAU,2025-01-28
DMAC,2012-08-03
DMAT,2022-01-27
DMII,2025-12-03
DMIIR,1900-01-01
DMIIU,2025-09-25
DMLP,2003-02-03
DMRC,1999-12-02
DMXF,2020-06-18
DNLI,2017-12-08
DNMX,2025-11-19
DNMXU,2025-10-30
DNMXW,2025-12-23
DNTH,2018-06-21
DNUT,2021-07-01
DOCU,2018-04-27
DOGZ,2017-12-19
DOMH,1980-03-18
DOMO,2018-06-29
DOO,2013-08-07
DORM,1991-03-12
DOX,1998-06-19
DOYU,2019-07-17
DPRO,2021-01-08
DPZ,2004-07-13
DRCT,2022-02-11
DRDB,2025-02-03
DRDBU,2024-12-13
DRDBW,1900-01-01
DRH,2005-05-26
DRIO,2016-03-14
DRIV,2018-04-17
DRMA,2021-08-13
DRMAW,1900-01-01
DRNZ,2025-10-29
DRS,1985-06-24
DRTS,2021-03-08
DRTSW,1900-01-01
DRUG,2021-03-22
DRVN,2021-01-19
DSAC,2026-01-30
DSACU,2025-12-09
DSACW,1900-01-01
DSGN,2021-03-29
DSGR,1980-03-17
DSGX,1999-01-27
DSP,2021-02-10
DSWL,1995-07-19
DSY,2023-01-11
DSYWW,1900-01-01
DTCK,2023-09-19
DTCR,2020-10-29
DTCX,2022-03-21
DTI,2021-12-29
DTIL,2019-03-28
DTSQ,2024-09-16
DTSQR,1900-01-01
DTSQU,2024-07-25
DTSS,2018-03-05
DTST,2012-03-14
DTSTW,1900-01-01
DUKH,2024-07-11
DUKX,2024-07-11
DUO,2019-11-01
DUOG,2025-12-11
DUOL,2021-07-28
DUOT,2017-05-30
DVAL,2022-10-31
DVAX,2004-02-19
DVGR,2025-12-05
DVIN,2025-07-23
DVLT,2018-07-27
DVLU,2018-10-18
DVOL,2018-10-18
DVQQ,2024-12-24
DVRE,2025-07-23
DVSP,2024-12-17
DVUT,2025-07-23
DVXB,2025-07-23
DVXC,2025-07-23
DVXE,2025-07-23
DVXF,2025-07-23
DVXK,2025-07-23
DVXP,2025-07-24
DVXV,2025-07-23
DVXY,2025-07-23
DVY,2003-11-07
DWAS,2012-07-19
DWAW,2019-12-27
DWSH,2018-07-11
DWSN,1994-04-05
DWTX,2020-12-17
DWUS,2019-12-27
DXCM,2005-04-14
DXLG,1987-06-02
DXPE,1998-05-07
DXR,1983-07-25
DXST,2025-01-22
DYAI,2008-01-16
DYFI,2024-01-10
DYN,2020-09-17
DYNB,2025-09-24
DYOR,2025-11-18
DYORU,2025-10-29
DYORW,1900-01-01
DYTA,2023-03-30
EA,1989-09-20
EASY,2025-10-01
EBAY,1998-09-24
EBC,2020-10-15
EBI,2025-02-28
EBIZ,2018-11-30
EBMT,2000-04-06
EBON,2020-06-26
ECBK,2022-07-28
ECOR,2018-06-22
ECOW,2019-05-06
ECPG,1999-07-09
ECX,2021-03-31
ECXWW,1900-01-01
EDAP,1997-08-01
EDBL,2022-05-05
EDBLW,1900-01-01
EDHL,2025-04-17
EDIT,2016-02-03
EDRY,2018-06-01
EDSA,2010-06-21
EDTK,2020-07-23
EDUC,1980-03-18
EEE,2026-01-30
EEFT,1997-03-07
EEIQ,2021-03-24
EEMA,2012-02-09
EFAS,2016-12-15
EFOI,1994-08-18
EFRA,2022-11-03
EFSC,2003-07-15
EFSCP,2021-11-11
EFSI,2001-07-05
EFTY,2025-08-08
EGAN,1999-09-23
EGBN,1999-07-14
EGGQ,2024-12-30
EGHA,2025-06-30
EGHAR,1900-01-01
EGHAU,2025-05-09
EGHT,1997-07-02
EH,2019-12-13
EHGO,2024-07-02
EHLD,2025-03-07
EHLS,2024-04-02
EHTH,2006-10-20
EJH,2021-05-14
EKG,2022-03-23
EKSO,2014-01-17
ELAB,2023-11-21
ELBM,2021-01-08
ELDN,2014-09-17
ELE,2020-08-04
ELFY,2025-04-10
ELIL,2025-03-27
ELIS,2025-03-26
ELOG,2025-08-28
ELPW,2023-05-01
ELSE,1981-06-09
ELTK,1997-01-22
ELTX,2021-02-05
ELUT,2020-10-08
ELVA,2010-01-05
ELVN,2020-03-12
ELVR,2025-09-02
ELWT,2025-11-05
EM,2021-04-01
EMAT,2026-01-07
EMB,2007-12-19
EMBC,2022-03-22
EMCB,2012-03-08
EMEQ,2024-09-05
EMIF,2009-06-19
EMIS,2025-10-22
EMISR,1900-01-01
EML,1980-03-17
EMPD,2021-10-06
EMPG,2025-07-02
EMXC,2017-07-26
EMXF,2020-10-13
ENDW,2025-04-10
ENGN,2022-02-01
ENGNW,1900-01-01
ENGS,2025-04-01
ENHU,2025-11-05
ENLT,2023-01-03
ENLV,2014-07-31
ENPH,2012-03-30
ENSC,2018-03-14
ENSG,2007-11-09
ENTA,2013-03-21
ENTG,2000-07-11
ENTX,2018-06-28
ENVB,2015-05-04
ENVX,2021-01-05
ENZL,2010-09-02
EOLS,2018-02-08
EOSE,2020-11-02
EPOW,2021-02-09
EPRX,2024-04-05
EPSM,2025-03-26
EPSN,2007-11-15
EQ,2018-10-12
EQIX,2000-08-11
EQPT,2026-01-23
EQRR,2017-07-25
ERAS,2021-07-16
ERET,2022-11-18
ERIC,1981-08-24
ERIE,1995-10-02
ERII,2008-07-02
ERNA,1991-08-29
ERNZ,2024-05-01
ESCA,1980-03-17
ESEA,2006-05-05
ESGD,2016-08-25
ESGE,2016-07-20
ESGL,2022-04-07
ESGLW,1900-01-01
ESGU,2016-12-06
ESHA,2023-06-14
ESHAR,1900-01-01
ESLA,2021-09-14
ESLAW,1900-01-01
ESLT,1996-11-27
ESMV,2021-11-11
ESN,2024-10-21
ESOA,2006-10-03
ESPO,2018-10-17
ESPR,2013-06-26
ESQ,2017-06-27
ESTA,2018-07-19
ETEC,2023-03-31
ETHA,2024-07-23
ETHM,2024-12-09
ETHMU,2024-11-21
ETHMW,1900-01-01
ETHZ,2017-06-27
ETON,2018-11-13
ETOR,2025-05-13
ETRL,2025-09-03
ETS,2025-08-21
EU,2011-01-12
EUDA,2021-12-14
EUDAW,1900-01-01
EUFN,2010-02-03
EURK,2024-09-12
EURKR,1900-01-01
EURKU,2024-07-02
EVAX,2021-02-05
EVCM,2021-07-01
EVER,2018-06-28
EVGN,2010-10-15
EVGO,2020-11-20
EVGOW,2021-01-04
EVLV,2020-09-22
EVLVW,1900-01-01
EVMT,2022-04-26
EVO,2004-02-05
EVOX,2025-12-03
EVOXU,2025-11-11
EVOXW,1900-01-01
EVRG,1973-02-21
EVSD,2024-06-17
EVTV,2017-06-15
EVYM,2025-02-27
EWBC,1999-02-03
EWCZ,2021-08-05
EWJV,2019-03-07
EWTX,2021-03-26
EWZS,2010-09-29
EXAS,2001-02-01
EXC,1973-05-02
EXE,2021-02-10
EXEEL,2021-02-11
EXEEW,2021-02-11
EXEEZ,2021-02-11
EXEL,2000-04-17
EXFY,2021-11-10
EXLS,2006-10-20
EXOZ,2024-11-13
EXPE,2005-07-21
EXPI,2018-02-07
EXPO,1990-08-17
EXTR,1999-04-09
EXUS,2025-06-18
EYE,2017-10-27
EYEG,2023-12-13
EYPT,2005-01-27
EZGO,2021-01-26
EZMO,2025-10-16
EZPW,1991-08-27
EZRA,2021-02-09
EZRAW,1900-01-01
EZRO,2025-10-16
FA,2021-06-23
FAAR,2016-05-23
FAB,2007-05-11
FACT,2024-12-20
FACTU,2024-11-26
FACTW,1900-01-01
FAD,2007-05-11
FALN,2016-06-21
FAMI,2018-02-16
FANG,2012-10-12
FARM,1980-03-17
FAST,1987-08-20
FATE,2013-10-01
FATN,2025-04-08
FBGL,2025-02-06
FBIO,2011-11-17
FBIOP,2017-11-14
FBIZ,2005-11-09
FBL,2022-12-13
FBLA,2024-10-23
FBLG,2024-01-31
FBNC,1987-04-30
FBOT,2023-06-12
FBRX,2017-04-13
FBYD,2023-10-06
FBYDW,1900-01-01
FBYY,2025-10-22
FCA,2011-04-21
FCAL,2017-06-27
FCAP,1999-01-04
FCBC,1994-04-08
FCCO,1999-03-09
FCEF,2016-09-29
FCEL,1992-06-25
FCFS,1991-06-10
FCHL,2025-09-04
FCNCA,1986-10-22
FCNCO,2022-01-07
FCNCP,2020-03-06
FCTE,2024-07-02
FCUV,2014-11-17
FCVT,2015-11-04
FDBC,1999-04-13
FDCF,2023-06-12
FDFF,2023-06-12
FDIF,2023-06-20
FDIG,2022-04-21
FDIV,2023-09-20
FDMT,2020-12-11
FDNI,2018-11-09
FDRS,2025-12-30
FDRX,2026-01-15
FDSB,2024-08-01
FDT,2011-04-19
FDTS,2012-02-16
FDTX,2023-06-12
FDUS,2011-06-21
FEAM,2022-03-15
FEAT,2024-12-17
FEBO,2023-11-30
FEED,2015-05-28
FEIM,1980-06-18
FELE,1980-03-17
FEM,2011-04-19
FEMB,2014-11-05
FEMS,2012-02-17
FEMY,2021-06-18
FENC,2017-09-15
FEP,2011-04-26
FEPI,2023-10-11
FER,2012-08-13
FERA,2025-04-21
FERAR,1900-01-01
FERAU,2025-02-28
FEUZ,2014-10-27
FEX,2007-05-10
FFAI,2020-09-02
FFAIW,1900-01-01
FFBC,1983-12-21
FFIC,1995-11-21
FFIN,1993-11-01
FFIV,1999-06-04
FFUT,2025-06-05
FGBI,2012-08-13
FGBIP,2021-04-23
FGI,2022-01-25
FGIIU,2026-01-16
FGIWW,1900-01-01
FGL,2024-10-23
FGM,2012-02-17
FGMC,2025-02-11
FGMCR,1900-01-01
FGMCU,2025-01-29
FGNX,2014-04-01
FGNXP,2018-03-22
FGSI,2025-06-26
FHB,2016-08-05
FHTX,2020-10-23
FIBK,2010-03-24
FICS,2020-12-17
FID,2013-08-23
FIEE,2009-10-07
FIGG,2025-10-14
FIGR,2025-09-11
FIGX,2025-08-18
FIGXU,2025-06-26
FIGXW,1900-01-01
FINW,2021-11-19
FINX,2016-09-13
FIP,2022-07-20
FISI,1999-06-25
FISV,1986-09-25
FITB,1980-03-17
FITBI,2013-12-06
FITBM,2026-02-02
FITBO,2019-09-13
FITBP,2019-08-28
FIVE,2012-07-19
FIVN,2014-04-04
FIVY,2024-12-17
FIXD,2017-02-16
FIZZ,1991-09-13
FJP,2011-04-26
FKU,2012-02-27
FKWL,2007-08-03
FLD,2022-02-09
FLDB,2024-02-26
FLDDW,1900-01-01
FLEX,1994-03-18
FLGT,2016-09-29
FLL,1993-08-17
FLN,2011-04-20
FLNC,2021-10-28
FLNT,2007-12-28
FLUX,2020-08-14
FLWS,1999-08-03
FLX,2024-10-04
FLXS,1980-03-17
FLY,2025-08-07
FLYE,2024-06-06
FLYW,2021-05-26
FMAO,2006-01-30
FMB,2014-05-15
FMBH,1999-03-16
FMED,2023-06-12
FMET,2022-04-21
FMFC,2025-06-25
FMHI,2017-11-03
FMNB,1999-01-04
FMST,2023-07-05
FMSTW,1900-01-01
FMTM,2025-03-20
FMUB,2025-04-07
FMUN,2025-04-08
FNGR,2017-08-01
FNK,2011-04-20
FNKO,2017-11-02
FNLC,1999-07-14
FNWB,2015-01-30
FNWD,1998-05-20
FNX,2007-05-10
FNY,2011-04-20
FOFO,2025-09-12
FOLD,2007-05-31
FONR,1981-10-29
FORA,2021-03-03
FORM,2003-06-12
FORR,1996-11-27
FORTY,1997-10-20
FOSL,1993-04-08
FOX,2019-03-13
FOXA,2019-03-12
FOXF,2013-08-08
FOXX,2022-08-08
FOXXW,1900-01-01
FPA,2011-04-20
FPXE,2018-10-18
FPXI,2014-11-11
FRAF,1994-04-06
FRBA,2010-10-15
FRD,1980-03-17
FRDD,2025-07-23
FRDU,2025-07-23
FRGT,2017-08-08
FRHC,2018-02-07
FRME,1989-06-20
FRMEP,2020-08-18
FRMI,2025-10-01
FROG,2020-09-16
FRPH,1986-07-02
FRPT,2014-11-07
FRSH,2021-09-22
FRST,2006-11-01
FRSX,2017-06-15
FRWD,2026-01-13
FSBC,2021-05-04
FSBW,2012-07-10
FSCS,2017-06-22
FSEA,2019-07-17
FSGS,2017-06-26
FSHP,2024-08-15
FSHPR,1900-01-01
FSHPU,2024-06-18
FSLR,2006-11-17
FSLY,2019-05-17
FSTR,1981-06-09
FSUN,2022-08-03
FSV,2015-06-02
FSZ,2012-02-16
FTA,2007-05-24
FTAG,2010-03-31
FTAI,2015-05-14
FTAIM,2023-03-09
FTAIN,2021-03-19
FTC,2007-05-11
FTCI,2021-04-28
FTCS,2006-07-11
FTDR,2018-09-13
FTDS,2014-12-23
FTEK,1993-09-07
FTEL,2023-08-08
FTFT,2008-06-11
FTGC,2013-10-23
FTGS,2022-10-26
FTHI,2014-01-07
FTHM,2020-07-31
FTLF,2007-11-02
FTNT,2009-11-18
FTQI,2014-01-07
FTRE,2023-06-16
FTRI,2010-03-31
FTRK,2025-05-23
FTSL,2013-05-02
FTSM,2014-08-06
FTXG,2016-10-10
FTXH,2016-09-22
FTXL,2016-09-21
FTXN,2016-09-23
FTXO,2016-10-07
FTXR,2016-09-22
FUFU,2021-12-09
FUFUW,1900-01-01
FULC,2019-07-18
FULT,1985-09-03
FULTP,2020-10-23
FUNC,1992-09-03
FUND,1988-06-08
FUSB,1999-01-11
FUSE,2022-03-07
FUSEW,2025-10-23
FUTG,2025-10-14
FUTU,2019-03-08
FV,2014-03-06
FVC,2016-03-18
FVCB,2015-05-06
FVN,2024-11-04
FVNNR,2024-11-04
FVNNU,2024-09-12
FWDI,1994-11-17
FWONA,2013-01-10
FWONK,2014-07-08
FWRD,1993-11-16
FWRG,2021-10-01
FXNC,1999-01-14
FYC,2011-04-20
FYT,2011-04-20
FYX,2007-05-10
GABC,1993-05-21
GAIA,1999-10-29
GAIN,2005-06-23
GAINI,2024-12-18
GAINN,2021-03-04
GAINZ,2021-08-19
GALT,2002-09-04
GAMB,2021-07-23
GAME,2018-01-26
GANX,2021-03-19
GARY,2025-12-22
GASS,2005-10-06
GAUZ,2024-06-06
GBDC,2010-04-15
GBFH,2024-07-09
GBIO,2020-06-12
GBLI,2003-12-16
GBUG,2025-02-20
GCBC,1999-06-30
GCL,2022-04-20
GCLWW,2025-12-16
GCMG,2019-02-06
GCT,2022-08-18
GCTK,2013-04-25
GDC,2015-12-29
GDEN,1999-01-04
GDEV,2020-10-05
GDEVW,1900-01-01
GDFN,2025-09-25
GDHG,2023-04-12
GDRX,2020-09-23
GDS,2016-11-02
GDTC,2023-04-14
GDYN,2018-10-30
GECC,2016-11-04
GECCG,2025-09-12
GECCH,2024-09-26
GECCI,2024-04-19
GECCO,2021-06-24
GEG,1999-06-11
GEGGL,2022-06-21
GEHC,2022-12-15
GELS,2024-10-29
GEME,2025-01-23
GEMG,2025-11-05
GEMI,2025-09-12
GEN,1989-06-23
GENK,2023-06-28
GENVR,2025-04-21
GEOS,1997-11-21
GERN,1996-07-31
GEVG,2025-12-16
GEVO,2011-02-09
GEW,2025-09-24
GFAI,2021-09-29
GFAIW,1900-01-01
GFGF,2021-12-16
GFLW,2024-12-05
GFS,2021-10-28
GGAL,2000-07-25
GGLL,2022-09-07
GGLS,2022-09-16
GGR,2021-03-01
GGROW,1900-01-01
GH,2018-10-04
GHRS,2021-06-25
GIBO,2023-08-21
GIBOW,1900-01-01
GIFT,2021-01-08
GIG,2024-09-11
GIGGU,2024-08-29
GIGGW,1900-01-01
GIGM,2000-02-18
GIII,1989-12-14
GILD,1992-01-22
GILT,1993-03-26
GIND,2025-04-03
GINX,2024-02-29
GIPR,2021-10-05
GIPRW,1900-01-01
GITS,2023-08-01
GIW,2025-10-27
GIWWR,1900-01-01
GIWWU,2025-10-06
GIXXU,2026-01-27
GKAT,2025-08-25
GLAD,2002-08-02
GLBE,2021-05-12
GLBS,2008-03-11
GLCR,2025-03-27
GLDB,2025-10-24
GLDD,2006-12-27
GLDI,2013-01-29
GLDY,2025-04-02
GLE,2024-09-20
GLGG,2025-08-21
GLIBA,2025-07-11
GLIBK,2025-07-11
GLMD,2014-03-13
GLNG,2003-07-15
GLOO,2025-11-18
GLOW,2024-07-10
GLPG,2012-02-27
GLPI,2013-10-14
GLRE,2007-05-24
GLSI,2020-09-25
GLTO,2020-10-29
GLUE,2021-06-24
GLXG,2024-09-12
GLXY,2025-05-16
GMAB,2009-06-01
GMGI,2009-10-30
GMHS,2023-06-28
GMM,2023-10-09
GNLN,2019-04-18
GNLX,2023-01-26
GNMA,2012-02-21
GNOM,2019-04-10
GNPX,2018-03-29
GNSS,1994-04-04
GNTA,2021-12-15
GNTX,1981-12-22
GO,2019-06-20
GOAI,2026-01-28
GOCO,2020-07-15
GOGO,2013-06-21
GOOD,2003-08-14
GOODN,2019-09-26
GOODO,2021-06-22
GOOG,2004-08-19
GOOGL,2004-08-19
GOSS,2019-02-08
GOU,2025-12-02
GOVI,2007-10-11
GOVX,2020-09-25
GP,2020-08-28
GPAC,2026-01-23
GPACU,2025-12-03
GPACW,1900-01-01
GPAT,2024-07-02
GPATU,2024-05-09
GPATW,1900-01-01
GPCR,2023-02-03
GPIQ,2023-10-27
GPIX,2023-10-27
GPRE,2006-03-15
GPRF,2024-08-01
GPRO,2014-06-26
GPT,2024-09-18
GQQQ,2024-10-01
GRAB,2020-12-01
GRABW,2020-12-09
GRAG,2025-12-11
GRAL,2024-06-12
GRAN,2025-07-01
GRCE,2012-02-07
GRDX,2016-10-11
GREE,2000-07-19
GREEL,2021-10-14
GRFS,2011-06-02
GRI,2021-02-10
GRID,2009-11-17
GRIN,2025-06-26
GRNQ,2018-06-13
GROW,1985-04-24
GRPN,2011-11-04
GRRR,2021-05-10
GRRRW,1900-01-01
GRVY,2005-02-08
GRW,2024-05-06
GRWG,2018-02-07
GSAT,2006-11-02
GSBC,1989-12-15
GSGO,2025-11-17
GSHD,2018-04-27
GSHR,2025-05-12
GSHRU,2025-03-21
GSHRW,1900-01-01
GSIB,2023-12-15
GSIT,2007-03-29
GSIW,2023-12-01
GSM,2009-07-30
GSRF,2025-10-20
GSRFR,2025-10-20
GSRFU,2025-09-04
GSUN,2022-06-22
GT,1900-01-01
GTBP,2018-03-27
GTEC,2018-08-08
GTEN,2025-06-23
GTENU,2025-05-02
GTENW,1900-01-01
GTERA,2025-07-25
GTERR,1900-01-01
GTERU,2025-07-09
GTERW,1900-01-01
GTIM,1992-07-09
GTLB,2021-10-14
GTM,2020-06-04
GTOP,2025-12-08
GTPE,2025-10-23
GTR,2021-10-07
GTX,2018-09-17
GURE,2006-10-23
GUSE,2025-11-17
GUTS,2024-02-02
GV,2022-05-17
GVH,2023-11-08
GVLE,2025-11-17
GWAV,2015-04-09
GWRS,2016-04-28
GXAI,2023-02-15
GXDW,2019-11-04
GYRE,2006-04-12
GYRO,1995-08-18
HAFC,1994-04-06
HAIN,1994-01-20
HALO,2004-03-16
HAO,2024-01-26
HAS,1980-03-17
HAVA,2025-12-15
HAVAR,1900-01-01
HAVAU,2025-10-23
HBAN,1980-03-17
HBANL,2023-02-28
HBANM,2021-06-10
HBANP,2021-02-02
HBANZ,2026-02-02
HBCP,2008-10-08
HBDC,2025-06-11
HBIO,2001-03-19
HBNB,2025-06-03
HBNC,2002-01-09
HBR,2025-10-28
HBT,2019-10-11
HCAC,2026-01-27
HCACR,1900-01-01
HCACU,2025-11-21
HCAI,2025-02-05
HCAT,2019-07-25
HCHL,2025-06-24
HCKT,1998-05-28
HCM,2016-03-16
HCMA,2025-09-22
HCMAU,2025-08-01
HCMAW,1900-01-01
HCOW,2023-09-20
HCSG,1983-11-29
HCTI,2021-10-13
HCWB,2021-07-20
HDL,2024-05-17
HDSN,1994-11-01
HEAL,2020-07-30
HECO,2024-09-10
HELE,1976-07-08
HELP,2019-09-13
HEPS,2021-07-01
HEQQ,2025-03-27
HERD,2019-05-07
HERE,2023-01-25
HERO,2019-10-31
HERZ,1994-05-20
HFBL,2007-06-20
HFFG,2017-09-07
HFSP,2024-10-24
HFWA,1998-05-07
HGBL,1993-03-23
HHS,1993-11-04
HIDE,2022-11-17
HIFS,1988-12-14
HIHO,1996-12-11
HIMX,2006-03-31
HIMZ,2025-03-13
HIND,2016-10-06
HISF,2014-08-14
HIT,2024-12-23
HITI,2021-01-08
HIVE,2011-02-02
HKIT,2023-03-31
HKPD,2025-01-15
HLAL,2019-07-16
HLIT,1995-05-23
HLMN,2020-12-03
HLNE,2017-03-01
HLP,2023-03-29
HLXC,2026-01-23
HMR,2025-02-20
HMYY,2025-12-02
HNDL,2018-01-25
HNNA,2005-03-09
HNNAZ,2021-10-25
HNRG,1994-04-06
HNST,2021-05-04
HNVR,2022-05-11
HODU,2025-11-19
HOFT,2002-06-27
HOLO,2021-08-06
HOLOW,1900-01-01
HOLX,1990-03-01
HON,1900-01-01
HOOD,2021-07-29
HOOG,2025-03-21
HOOX,2025-03-19
HOPE,1998-01-29
HOTH,2019-02-15
HOUR,2022-01-07
HOVNP,2005-11-30
HOVR,2023-04-03
HOVRW,1900-01-01
HOWL,2021-04-30
HOYY,2025-09-30
HPAI,2024-08-05
HPAIW,1900-01-01
HPK,2018-05-29
HQGO,2023-12-06
HQI,2003-10-07
HQY,2014-07-31
HRMY,2020-08-19
HROW,2007-09-28
HRTS,2023-11-21
HRTX,1987-08-26
HRZN,2010-10-29
HSAI,2023-02-09
HSCS,2022-06-16
HSCSW,1900-01-01
HSDT,2014-06-27
HSIC,1995-11-03
HSPT,2025-02-05
HSPTR,1900-01-01
HSPTU,2024-11-15
HST,1980-03-17
HSTM,2000-04-11
HTBK,1998-07-20
HTCO,2021-09-27
HTCR,2022-02-10
HTFL,2025-08-11
HTHT,2010-03-26
HTLD,1986-11-05
HTLM,2024-10-01
HTO,1972-06-01
HTOO,2020-12-10
HTZ,2021-07-01
HTZWW,1900-01-01
HUBC,2022-01-03
HUBCW,1900-01-01
HUBCZ,1900-01-01
HUBG,1996-03-13
HUDI,2021-01-22
HUHU,2024-10-22
HUIZ,2020-02-12
HUMA,2020-12-01
HUMAW,1900-01-01
HURA,2013-02-22
HURC,1980-08-27
HURN,2004-10-13
HUT,2018-03-08
HUTG,2026-01-13
HVII,2025-02-06
HVIIR,1900-01-01
HVIIU,2025-01-17
HVMC,2025-10-03
HVMCU,2025-08-12
HVMCW,1900-01-01
HWAY,2024-09-12
HWBK,1999-07-20
HWC,1991-06-04
HWCPZ,2020-06-17
HWH,2022-03-24
HWKN,1980-03-18
HWSM,2025-03-31
HXHX,2025-04-15
HYBI,2024-09-30
HYDR,2021-07-14
HYFM,2020-12-10
HYFT,2002-01-07
HYLS,2013-02-27
HYMC,2018-03-12
HYNE,2025-12-04
HYP,2025-09-23
HYPD,2018-01-25
HYPR,2021-01-28
HYXF,2016-06-17
HYZD,2013-12-18
IAC,1993-01-19
IALT,2025-12-11
IART,1995-08-16
IBAC,2024-05-01
IBACR,1900-01-01
IBAT,2024-03-21
IBB,2001-02-12
IBBQ,2021-06-11
IBCP,1985-09-04
IBEX,2020-08-07
IBG,2024-09-26
IBGA,2024-06-13
IBGB,2025-03-26
IBGK,2024-07-18
IBGL,2025-04-08
IBIO,2008-08-19
IBIT,2024-01-11
IBKR,2007-05-04
IBOC,1995-08-30
IBOT,2023-04-10
IBRX,2015-07-28
IBTG,2020-02-28
IBTH,2020-02-28
IBTI,2020-02-28
IBTJ,2020-02-28
IBTK,2020-07-20
IBTL,2021-08-30
IBTM,2022-07-08
IBTO,2023-06-30
IBTP,2024-06-12
IBTQ,2025-03-27
ICCC,1987-05-05
ICCM,2021-08-26
ICFI,2006-09-28
ICG,2023-03-16
ICHR,2016-12-09
ICLN,2008-06-25
ICLR,1998-05-15
ICMB,2014-02-06
ICON,2024-07-12
ICOP,2023-06-26
ICU,2021-03-18
ICUCW,1900-01-01
ICUI,1992-03-31
IDAI,2021-02-24
IDCC,1981-11-12
IDEF,2025-05-21
IDN,1999-11-19
IDXX,1991-06-21
IDYA,2019-05-23
IEAGU,2026-01-16
IEF,2002-07-30
IEI,2007-01-11
IEP,1987-07-23
IESC,1998-01-28
IEUS,2007-11-19
IFBD,2021-04-20
IFGL,2007-11-19
IFLO,2025-06-26
IFRX,2017-11-07
IFV,2014-07-23
IGAC,2025-12-22
IGACR,2025-12-22
IGACU,2025-11-25
IGF,2007-12-12
IGIB,2007-01-11
IGIC,2018-04-10
IGOV,2009-01-30
IGSB,2007-01-11
IHRT,2019-07-01
IHYF,2020-12-07
III,2007-02-12
IIIV,2018-06-21
IINN,2021-07-14
IINNW,2021-07-14
IJT,2000-07-28
IKT,2020-12-23
ILAG,2022-07-13
ILIT,2023-06-26
ILMN,2000-07-28
ILPT,2018-01-12
IMA,2021-03-26
IMCC,2020-05-20
IMCR,2021-02-05
IMCV,2004-07-13
IMDX,2015-12-30
IMG,2020-06-19
IMKTA,1987-09-22
IMMP,2012-04-19
IMMR,1999-11-12
IMMX,2021-12-16
IMNM,2020-10-02
IMNN,1999-03-01
IMOM,2015-12-23
IMOS,2003-07-03
IMPP,2021-12-06
IMPPP,2021-12-06
IMRN,2017-06-09
IMRX,2021-07-30
IMSR,2024-10-10
IMSRW,1900-01-01
IMTE,2017-08-11
IMTX,2018-12-12
IMUX,2014-04-17
IMVT,2019-06-21
IMXI,2017-03-27
INAB,2021-07-30
INAC,2025-07-30
INACR,1900-01-01
INACU,2025-07-01
INBK,2006-04-05
INBKZ,2019-06-17
INBS,2020-12-23
INBX,2024-05-29
INCR,2019-01-28
INCY,1993-11-04
IND,2025-11-25
INDB,1986-05-14
INDH,2024-05-09
INDI,2019-10-04
INDP,2015-08-04
INDV,2014-12-29
INDY,2009-11-20
INEO,2024-10-23
INGN,2014-02-14
INHD,2023-12-14
INKT,2021-10-15
INLF,2025-01-02
INM,2014-05-05
INMB,2019-02-04
INMD,2019-08-08
INNV,2021-03-04
INO,1998-12-08
INOD,1993-08-10
INRO,2024-03-28
INSE,2014-12-16
INSG,2000-11-21
INSM,2000-06-01
INTA,2021-06-30
INTC,1980-03-17
INTG,1980-03-17
INTJ,2024-03-20
INTR,2022-06-23
INTS,2023-06-30
INTU,1993-03-12
INTW,2025-02-13
INTZ,1992-05-21
INV,2021-11-29
INVA,2004-10-05
INVE,1997-10-07
INVZ,2020-06-29
INVZW,1900-01-01
IOBT,2021-11-05
IONL,2025-03-26
IONR,2022-06-30
IONS,1991-05-17
IONX,2025-03-12
IONZ,2025-06-24
IOSP,1998-05-13
IOTR,2025-04-10
IOVA,2010-10-15
IOYY,2025-11-04
IPAR,1988-02-04
IPCX,2025-06-16
IPCXR,1900-01-01
IPCXU,2025-04-25
IPDN,2013-03-05
IPEX,2025-03-07
IPEXR,1900-01-01
IPEXU,2025-02-13
IPGP,2006-12-13
IPHA,2019-10-17
IPKW,2014-02-27
IPM,2006-11-02
IPOD,2025-06-12
IPODU,2025-05-07
IPODW,1900-01-01
IPSC,2021-06-18
IPST,2024-11-22
IPW,2021-05-12
IPWR,2013-11-22
IPX,2022-06-21
IQ,2018-03-29
IQQQ,2024-03-20
IQST,2018-07-09
IRD,2005-11-10
IRDM,2008-03-20
IREG,2025-12-16
IREN,2021-11-17
IRHOU,2025-12-17
IRIX,1996-02-16
IRMD,2014-07-16
IRON,2020-08-12
IROQ,2011-07-08
IRTC,2016-10-20
IRWD,2010-02-03
ISBA,2006-01-30
ISHG,2009-01-28
ISHP,2016-10-11
ISPC,2021-06-17
ISPR,2023-04-04
ISRG,2000-06-16
ISSC,2000-08-04
ISTB,2012-10-24
ISTR,2014-07-01
ISUL,2025-10-07
ITHA,2026-01-20
ITHAU,2025-12-12
ITHAW,1900-01-01
ITIC,1986-12-03
ITOC,2024-09-05
ITRI,1993-11-05
ITRM,2018-05-25
ITRN,2005-09-28
IUS,2018-09-12
IUSB,2014-06-12
IUSG,2000-07-28
IUSV,2000-08-04
IVA,2020-07-10
IVAL,2014-12-17
IVDA,2009-10-12
IVDAW,1900-01-01
IVF,2020-11-02
IVSI,2025-12-11
IVSS,2025-12-04
IVVD,2021-08-06
IXHL,2022-03-02
IXUS,2012-10-24
IZEA,2012-02-09
IZM,2023-03-15
JACK,1992-03-05
JAGX,2015-05-12
JAKK,1996-05-02
JANX,2021-06-11
JAPN,2025-05-13
JAZZ,2007-06-01
JBDI,2024-08-27
JBHT,1983-11-22
JBIO,2021-06-30
JBLU,2002-04-12
JBSS,1991-12-04
JCAP,2025-06-26
JCSE,2022-04-22
JCTC,1996-04-12
JD,2014-05-22
JDOC,2023-11-02
JDZG,2024-05-15
JEM,2025-06-09
JEPQ,2022-05-04
JF,2018-10-25
JFB,2025-03-06
JFBR,2022-08-26
JFBRW,1900-01-01
JFIN,2019-05-10
JFU,2019-08-15
JG,2018-07-26
JGLO,2023-09-14
JHAI,2025-08-20
JIVE,2023-09-14
JJSF,1986-02-04
JKHY,1985-11-20
JL,2024-01-24
JLHL,2025-06-26
JMID,2024-09-18
JMSB,2017-03-02
JOUT,1987-10-09
JOYY,2012-11-21
JPEF,2023-07-31
JPY,2025-04-07
JRSH,2018-05-04
JRVR,2014-12-12
JSM,2003-12-30
JSMD,2016-02-25
JSML,2016-02-25
JSPR,2020-01-10
JSPRW,1900-01-01
JTAI,2021-10-01
JTEK,2023-10-05
JUNS,2024-12-03
JVA,2005-05-03
JWEL,2021-03-17
JXG,2013-03-07
JYD,2023-04-21
JYNT,2014-11-11
JZ,2022-08-26
JZXN,2021-05-18
KALA,2017-07-20
KALU,2006-07-07
KALV,2015-04-09
KARO,2021-04-01
KAT,2025-08-25
KBAB,2025-03-12
KBDU,2025-11-21
KBON,2026-01-27
KBONU,2025-12-11
KBONW,1900-01-01
KBSX,2022-03-21
KBWB,2011-11-01
KBWD,2010-12-02
KBWP,2010-12-22
KBWR,2011-11-01
KBWY,2010-12-02
KC,2020-05-08
KCHV,2025-07-21
KCHVR,1900-01-01
KCHVU,2025-05-28
KDK,2025-09-25
KDKRW,2025-12-23
KDP,2008-05-07
KE,2014-11-03
KEAT,2024-03-27
KELYA,1980-03-17
KELYB,1984-08-03
KEQU,1980-03-17
KFFB,2005-03-03
KFII,2025-03-13
KFIIR,1900-01-01
KFIIU,2025-02-05
KG,2008-05-06
KGEI,2010-01-05
KHC,2015-07-06
KIDS,2017-10-13
KIDZ,2025-04-07
KIDZW,1900-01-01
KINS,1999-10-26
KIQQ,2026-01-08
KITT,2021-08-04
KITTW,1900-01-01
KJD,2025-10-15
KLAC,1980-10-08
KLAG,2025-12-18
KLIC,1973-02-21
KLRS,2020-07-30
KLTO,2022-04-29
KLTOW,1900-01-01
KLTR,2021-07-21
KLXE,2018-08-29
KMB,1980-03-17
KMDA,2013-05-31
KMLI,2025-06-12
KMRK,2025-07-16
KMTS,2025-03-06
KNDI,2007-09-04
KNGZ,2017-06-26
KNSA,2018-05-25
KOD,2018-10-04
KOID,2025-06-05
KOPN,1992-04-15
KOSS,1980-03-17
KOYN,2025-09-19
KOYNU,2025-08-27
KOYNW,1900-01-01
KPDD,2025-03-12
KPLT,2019-12-31
KPLTW,1900-01-01
KPRX,2015-02-13
KPTI,2013-11-06
KQQQ,2024-07-23
KRAQU,2026-01-28
KRKR,2019-11-08
KRMA,2016-07-12
KRMD,1994-04-05
KRNT,2015-04-02
KRNY,2005-02-24
KROP,2021-07-14
KROS,2020-04-08
KRRO,2019-10-03
KRT,2021-04-15
KRUS,2019-08-01
KRYS,2017-09-20
KSCP,2022-01-27
KSPI,2024-01-19
KTCC,1983-06-22
KTOS,1999-11-05
KTTA,2021-09-15
KTTAW,1900-01-01
KTWOU,2026-01-29
KURA,2015-09-16
KUST,2007-05-16
KVAC,2023-09-15
KVACU,2023-07-25
KVACW,1900-01-01
KVHI,1996-04-02
KWM,2025-05-14
KWMWW,1900-01-01
KXIN,2017-11-06
KYIV,2024-12-03
KYIVW,2025-08-25
KYMR,2020-08-21
KYNB,2014-11-14
KYTX,2024-02-09
KZIA,1999-01-06
KZR,2018-06-21
LAB,2011-02-10
LACG,2025-12-11
LAES,2023-05-23
LAFA,2025-11-26
LAFAR,2025-11-26
LAFAU,2025-10-24
LAKE,1986-09-09
LAMR,1996-08-02
LAND,2013-01-29
LANDO,2020-10-19
LANDP,2023-06-08
LARK,1994-03-28
LASE,2022-09-30
LASR,2018-04-26
LATA,2025-11-10
LATAU,2025-09-19
LATAW,2025-11-20
LAUR,2017-02-01
LAWR,2025-07-17
LAYS,2025-03-06
LBGJ,2024-10-23
LBRDA,2014-11-04
LBRDK,2014-11-05
LBRDP,2020-12-22
LBRX,2025-09-11
LBTYA,2004-06-03
LBTYB,2004-06-09
LBTYK,2005-09-08
LCCC,2025-06-23
LCCCR,1900-01-01
LCCCU,2025-04-30
LCDL,2025-04-22
LCDS,2024-08-08
LCFY,2022-03-25
LCFYW,1900-01-01
LCID,2020-09-18
LCNB,1999-10-26
LCUT,1991-06-05
LDEM,2020-02-12
LDRX,2025-05-05
LDSF,2019-01-08
LE,2014-03-20
LECO,1994-04-07
LEDS,2010-12-09
LEE,1980-03-17
LEGH,2018-12-14
LEGN,2020-06-05
LEGR,2018-01-25
LENZ,2021-06-25
LESL,2020-10-29
LEXI,2021-07-02
LEXX,2021-01-12
LFAC,2026-01-26
LFACU,2025-12-05
LFACW,1900-01-01
LFCR,1996-02-15
LFMD,2008-01-29
LFMDP,2021-10-05
LFS,2025-10-09
LFSC,2024-10-31
LFST,2021-06-10
LFUS,1992-09-22
LFVN,1994-04-07
LFWD,2014-09-12
LGCB,2023-12-19
LGCF,2023-12-13
LGCL,2024-03-05
LGHL,2019-06-21
LGIH,2013-11-07
LGN,2025-09-12
LGND,1992-11-18
LGO,2010-04-26
LGRO,2023-08-23
LGVN,2021-02-12
LHAI,2025-07-24
LHSW,2025-04-03
LI,2020-07-30
LICN,2023-02-06
LIDR,2021-01-11
LIDRW,2021-01-08
LIEN,2022-02-04
LIF,2024-06-06
LIFE,2026-01-30
LILA,2015-07-02
LILAK,2015-06-23
LIMN,2025-05-02
LIMNW,1900-01-01
LIN,1992-06-17
LINC,2005-06-23
LIND,2013-07-03
LINE,2024-07-25
LINK,2002-01-02
LINT,2025-11-19
LIQT,2011-08-31
LITE,2015-07-23
LITM,2021-11-19
LITP,2023-02-02
LITS,2003-12-18
LIVE,2002-01-29
LIVN,2015-10-19
LIXT,2007-10-25
LKFN,1997-08-14
LKQ,2003-10-06
LKSP,2025-11-06
LKSPR,1900-01-01
LKSPU,2025-10-07
LLYVA,2023-08-04
LLYVK,2023-08-04
LMAT,2006-10-19
LMB,2014-08-08
LMBS,2014-11-05
LMFA,2015-12-17
LMNR,2003-10-07
LMNX,2025-10-16
LMRI,2025-12-11
LMTL,2025-08-06
LMTS,2025-08-08
LNAI,2018-02-07
LNKB,2022-09-14
LNKS,2024-12-05
LNSR,2020-10-02
LNT,1973-02-21
LNTH,2015-06-25
LNZA,2021-09-24
LNZAW,1900-01-01
LOAN,1999-05-13
LOBO,2024-03-21
LOCO,2014-07-25
LOGI,1997-03-27
LOGO,2025-05-28
LOKV,2025-04-21
LOKVU,2025-02-28
LOKVW,1900-01-01
LONA,2020-09-18
LOOP,2017-11-20
LOPE,2008-11-20
LOT,2021-05-06
LOTI,2025-10-01
LOTWW,1900-01-01
LOVE,2018-06-27
LPAA,2024-09-03
LPAAU,2024-07-12
LPAAW,1900-01-01
LPBB,2024-11-29
LPBBU,2024-10-08
LPBBW,2024-12-10
LPCN,2013-10-22
LPCVU,2025-12-18
LPLA,2010-11-18
LPRO,2018-03-26
LPSN,2000-04-07
LPTH,1996-02-22
LQDA,2018-07-26
LQDT,2006-02-27
LRCX,1984-05-04
LRE,2023-09-27
LRGE,2017-05-31
LRHC,2023-10-09
LRMR,2014-06-19
LRND,2022-02-08
LSAK,1999-04-19
LSBK,2006-04-05
LSCC,1989-11-09
LSE,2024-12-19
LSH,2024-06-28
LSTA,1999-03-01
LSTR,1993-03-05
LTBR,2005-01-03
LTCC,2025-10-28
LTRN,2020-06-11
LTRX,2000-08-04
LTRYW,1900-01-01
LUCD,2021-10-14
LUCY,2022-08-15
LUCYW,2022-08-15
LULG,2025-11-05
LULU,2007-07-27
LUNG,2020-10-01
LUNR,2021-11-17
LVHD,2015-12-29
LVLU,2021-11-11
LVO,2017-08-18
LVRO,2021-11-01
LVROW,1900-01-01
LWAC,2025-08-15
LWACU,2025-06-25
LWACW,1900-01-01
LWAY,1988-12-29
LWLG,2006-05-16
LX,2017-12-21
LXEH,2020-10-01
LXEO,2023-11-03
LXRX,2000-04-07
LYEL,2021-06-17
LYFT,2019-03-29
LYRA,2020-05-01
LYTS,1985-03-12
LZ,2021-06-30
LZMH,2025-02-27
MAAS,2019-03-29
MAAY,2025-11-04
MACI,2024-07-17
MACIU,2024-06-18
MACIW,1900-01-01
MAGH,2025-08-12
MAMA,2021-07-19
MAMK,2025-07-07
MAMO,2024-04-02
MANH,1998-04-23
MAPS,2019-10-01
MAPSW,1900-01-01
MAR,1998-03-23
MARA,2012-05-04
MARPS,1980-03-17
MASI,2007-08-08
MASK,2025-01-08
MASS,2020-12-18
MAT,1976-06-17
MATE,2025-12-17
MATH,2017-10-20
MATW,1994-07-20
MAXI,2022-09-30
MAXN,2020-08-26
MAYS,1984-12-13
MAZE,2025-01-31
MB,2025-04-10
MBAI,2015-03-04
MBAV,2024-09-23
MBAVU,2024-08-01
MBAVW,1900-01-01
MBB,2007-03-16
MBBC,2021-04-20
MBCN,2003-02-27
MBIN,2017-10-27
MBINL,2024-11-19
MBINM,2022-09-26
MBINN,2021-03-17
MBIO,2017-08-22
MBLY,2022-10-26
MBNKO,2025-05-21
MBOT,1992-03-25
MBRX,2016-06-02
MBS,2024-02-21
MBUU,2014-01-31
MBVI,2025-10-17
MBVIU,2025-08-27
MBVIW,1900-01-01
MBWM,1999-07-20
MBX,2024-09-13
MCBS,2019-09-05
MCDS,2024-12-18
MCFT,2015-07-17
MCGA,2025-07-25
MCGAU,2025-06-26
MCGAW,1900-01-01
MCHB,2012-02-10
MCHI,2011-03-31
MCHP,1993-03-19
MCHPP,2025-03-21
MCHS,2024-07-11
MCHX,2004-03-31
MCRB,2015-06-26
MCRI,1993-08-06
MCTA,2025-10-21
MCW,2021-06-25
MDAI,2021-04-06
MDAIW,1900-01-01
MDB,2017-10-19
MDBH,2023-09-21
MDCX,2024-11-14
MDCXW,2025-05-23
MDGL,2007-02-06
MDIA,2020-01-06
MDIV,2012-08-14
MDLN,2025-12-17
MDLZ,2001-06-13
MDRR,2018-11-28
MDWD,2014-03-20
MDXG,2008-02-12
MDXH,2021-11-04
MEDP,2016-08-11
MEDX,2023-01-31
MEGL,2022-08-05
MEHA,2025-11-05
MELI,2007-08-10
MEMA,2025-12-29
MEMS,2024-01-11
MENS,2025-06-17
MEOH,1992-05-19
MERC,1988-07-20
MESH,2026-01-30
MESHU,2025-12-10
MESHW,1900-01-01
MESO,2010-01-20
META,2012-05-18
METC,2017-02-03
METCB,2023-06-16
METCI,2025-08-01
METCZ,2024-12-03
METD,2024-06-11
METL,2025-09-10
METU,2024-06-06
MEVOU,2026-01-30
MFI,2024-04-22
MFIC,2004-04-06
MFICL,2023-12-19
MFIG,2025-12-09
MFIN,1996-05-23
MFLX,2016-09-29
MFMO,2025-12-09
MFVL,2025-12-09
MGEE,1980-03-17
MGIC,1991-08-30
MGIH,2023-04-04
MGN,2025-09-26
MGNI,2014-04-02
MGNX,2013-10-10
MGPI,1988-10-21
MGRC,1984-11-13
MGRT,2025-07-16
MGRX,2023-03-21
MGTX,2018-06-08
MGX,2024-02-09
MGYR,2006-01-24
MIDD,1987-08-10
MIGI,2012-02-22
MILN,2016-05-06
MIMI,2025-01-10
MIND,1994-12-19
MIRA,2023-08-03
MIRM,2019-07-18
MIST,2019-05-09
MITK,1989-01-03
MKAM,2023-04-12
MKDW,2023-03-28
MKDWW,1900-01-01
MKLY,2025-10-02
MKLYR,1900-01-01
MKLYU,2025-08-12
MKSI,1999-03-30
MKTW,2020-09-14
MKTX,2004-11-05
MKZR,2024-07-09
MLAAU,2026-01-27
MLAB,1984-02-29
MLAC,2025-02-03
MLACR,1900-01-01
MLACU,2024-12-13
MLCI,1983-03-16
MLCIL,2026-02-02
MLCO,2006-12-19
MLEC,2021-03-02
MLECW,1900-01-01
MLGO,2021-04-13
MLKN,1980-03-17
MLTX,2020-10-20
MLYS,2023-02-10
MMLP,2002-11-01
MMSI,1990-05-14
MMTX,2025-12-15
MMTXU,2025-10-23
MMTXW,1900-01-01
MMYT,2010-08-12
MNDO,2000-08-08
MNDR,2024-04-10
MNDY,2021-06-10
MNKD,2004-07-28
MNOV,2006-12-08
MNPR,2019-12-19
MNRO,1991-07-30
MNSB,2005-09-06
MNSBP,2020-09-16
MNST,1985-12-09
MNTK,2021-01-22
MNTS,2020-01-02
MNTSW,1900-01-01
MNY,2020-12-07
MNYWW,2020-12-07
MNZL,2025-11-19
MOB,2022-08-25
MOBBW,2022-08-25
MOBX,2021-08-13
MOBXW,1900-01-01
MODD,2022-02-10
MODL,2022-10-12
MOFG,2008-01-29
MOLN,2021-06-16
MOMO,2014-12-11
MOOD,2022-05-19
MORN,2005-05-03
MOVE,2021-03-23
MPAA,1994-03-23
MPB,1997-12-04
MPG,2025-10-27
MPLT,2025-10-27
MPWR,2004-11-19
MQ,2021-06-09
MQQQ,2024-09-03
MRAL,2025-03-07
MRAM,2016-10-07
MRBK,2017-11-07
MRCC,2012-10-25
MRCY,1998-01-30
MREO,2019-04-24
MRKR,2002-07-16
MRM,2020-12-29
MRNA,2018-12-07
MRNO,2022-03-16
MRNOW,1900-01-01
MRTN,1986-09-25
MRVI,2020-11-20
MRVL,2000-06-30
MRX,2024-04-25
MSAI,2021-11-16
MSAIW,1900-01-01
MSBI,2016-05-24
MSBIP,2022-08-29
MSDD,2025-06-10
MSEX,1973-02-21
MSFD,2022-09-08
MSFL,2024-03-18
MSFT,1986-03-13
MSFU,2022-09-07
MSGM,2021-01-13
MSGY,2025-07-08
MSS,2023-10-05
MST,2025-05-02
MSTP,2025-06-10
MSTR,1998-06-11
MSTX,2024-08-15
MSW,2024-11-22
MTC,2019-01-09
MTCH,1993-01-19
MTEK,2022-02-02
MTEKW,1900-01-01
MTEN,2024-04-19
MTEX,1999-02-16
MTLS,2014-06-25
MTRX,1990-09-26
MTSI,2012-03-15
MTVA,2016-08-05
MTYY,2025-09-23
MU,1984-06-01
MUD,2024-10-18
MULL,2024-11-12
MULT,2025-08-28
MUU,2024-10-10
MUZEU,2026-01-30
MVBF,2012-08-03
MVIS,1996-08-27
MVLL,2025-03-07
MVST,2019-03-27
MVSTW,1900-01-01
MWYN,2025-03-13
MXCT,2021-07-30
MXL,2010-03-24
MYCF,2024-09-24
MYCG,2024-09-24
MYCH,2024-09-24
MYCI,2024-09-24
MYCJ,2024-09-24
MYCK,2024-09-24
MYCL,2024-09-24
MYCM,2024-09-24
MYCN,2024-09-24
MYCO,2025-09-17
MYFW,2018-07-19
MYGN,1995-10-06
MYMF,2024-09-24
MYMG,2024-09-24
MYMH,2024-09-24
MYMI,2024-09-24
MYMJ,2024-09-24
MYMK,2025-09-17
MYNZ,2021-11-05
MYPS,2020-12-21
MYPSW,2020-12-18
MYRG,2008-08-13
MYSE,2021-08-13
MYSEW,2021-08-13
MYSZ,2016-08-09
MZTI,1980-03-17
NA,2022-07-12
NAAS,2017-10-20
NAGE,2008-06-25
NAII,1993-10-28
NAKA,2024-05-31
NAMI,2024-12-06
NAMM,2025-06-06
NAMMW,2021-09-29
NAMS,2021-02-09
NAMSW,2021-02-10
NATH,1993-02-26
NATO,2024-10-11
NATR,2009-06-25
NAUT,2020-08-07
NAVI,2014-04-17
NAVN,2025-10-30
NB,2023-03-21
NBBK,2023-12-28
NBIG,2025-10-27
NBIL,2025-10-07
NBIS,2024-10-21
NBIX,1996-05-23
NBN,1987-08-19
NBP,2020-01-17
NBRGU,2026-01-30
NBTB,1992-03-17
NBTX,2020-12-11
NCEL,2021-01-29
NCEW,2024-12-18
NCI,2024-04-23
NCIQ,2025-02-14
NCMI,2007-02-08
NCNA,2017-09-28
NCNO,2020-07-14
NCPB,2024-03-06
NCPL,2006-06-05
NCPLW,1900-01-01
NCRA,2021-01-08
NCSM,2017-04-28
NCT,2025-03-28
NCTY,2004-12-15
NDAA,2024-10-18
NDAQ,2002-07-01
NDLS,2013-06-28
NDRA,2017-06-30
NDSN,1980-03-18
NECB,2006-07-06
NEGG,2010-04-22
NEMG,2025-11-17
NEO,2004-03-16
NEOG,1989-08-23
NEON,1989-01-09
NEOV,2020-05-20
NEOVW,1900-01-01
NEPH,2004-09-21
NERV,2014-07-01
NESR,2024-07-09
NETG,2025-11-17
NEUP,2021-12-16
NEWT,2000-09-27
NEWTG,2024-05-31
NEWTH,2024-09-17
NEWTI,2023-09-01
NEWTO,1900-01-01
NEWTP,2025-08-15
NEWZ,2024-04-12
NEXM,2009-09-28
NEXN,2021-06-18
NEXT,2015-06-16
NFBK,2007-11-08
NFE,2019-01-31
NFLX,2002-05-23
NFRX,2026-01-30
NFTY,2012-02-28
NFXL,2024-10-03
NFXS,2024-10-03
NGEN,2019-04-03
NGNE,2014-03-07
NHIC,2025-04-17
NHICU,2025-02-28
NHICW,1900-01-01
NHPAP,2019-12-09
NHPBP,2021-10-04
NHTC,1995-06-22
NICE,1996-01-25
NIKL,2023-03-22
NIOBW,1900-01-01
NIOG,2025-12-18
NIPG,2024-07-26
NISN,2016-12-27
NITO,2010-11-12
NIU,2018-10-19
NIVF,2022-03-18
NIVFW,1900-01-01
NIXT,2024-09-10
NIXX,2012-09-25
NIXXW,1900-01-01
NKLR,2025-10-06
NKSH,1999-12-01
NKTR,1994-05-03
NKTX,2020-07-10
NMFC,2011-05-20
NMFCZ,2023-11-27
NMIH,2013-11-08
NMP,2025-09-03
NMPAR,1900-01-01
NMPAU,2025-07-01
NMRA,2023-09-14
NMRK,2017-12-15
NMTC,2018-03-15
NN,2020-11-02
NNAVW,1900-01-01
NNBR,1994-03-15
NNDM,2016-03-07
NNE,2024-05-08
NNNN,2025-02-19
NNOX,2020-08-21
NODK,2017-03-16
NOEM,2025-01-16
NOEMR,1900-01-01
NOEMU,2024-11-21
NOEMW,1900-01-01
NOMA,2025-11-03
NOTV,1997-11-25
NOVT,1999-03-24
NOVTU,2025-11-07
NOWL,2025-07-15
NPAC,2025-06-16
NPACU,2025-04-24
NPACW,1900-01-01
NPCE,2021-04-22
NPFI,2024-03-07
NPT,2025-10-22
NRC,2013-05-23
NRDS,2021-11-04
NRES,2024-02-27
NRIM,1990-11-15
NRIX,2020-07-24
NRSN,2021-12-09
NRSNW,1900-01-01
NRXP,2017-12-04
NRXPW,1900-01-01
NSCR,2024-03-07
NSI,2023-12-07
NSIT,1995-01-24
NSPR,2011-04-12
NSSC,1981-12-29
NSTS,2022-01-19
NSYS,1993-06-11
NTAP,1995-11-21
NTCL,2024-12-13
NTCT,1999-08-12
NTES,2000-06-30
NTGR,2003-07-31
NTHI,2025-03-26
NTIC,1992-03-27
NTLA,2016-05-06
NTNX,2016-09-30
NTRA,2015-07-01
NTRB,2021-10-01
NTRBW,2021-10-01
NTRP,2010-10-14
NTRS,1980-03-17
NTRSO,2019-10-30
NTSK,2025-09-18
NTWK,1998-09-25
NTWO,2024-12-27
NTWOU,2024-11-01
NTWOW,2025-12-15
NUAI,2022-01-06
NUAIW,1900-01-01
NUG,2025-11-17
NUGY,2025-11-18
NUKK,2020-07-22
NUKKW,2023-12-26
NUSB,2024-03-07
NUTR,2025-08-15
NUTX,2022-04-04
NUVL,2021-07-29
NUWE,2012-02-16
NVA,2024-07-24
NVAWW,1900-01-01
NVAX,1995-12-05
NVCR,2015-10-01
NVCT,2022-02-04
NVD,2023-08-22
NVDA,1999-01-22
NVDD,2023-09-13
NVDG,2024-12-13
NVDL,2022-12-13
NVDS,2022-07-14
NVDU,2023-09-13
NVEC,1995-05-23
NVMI,2000-04-11
NVNI,2021-12-29
NVNIW,1900-01-01
NVNO,2018-05-31
NVTS,2021-10-20
NVVE,2020-05-01
NVVEW,1900-01-01
NVX,2022-02-02
NVYY,2025-05-13
NWBI,1994-11-07
NWE,2007-12-28
NWFL,1998-03-04
NWGL,2023-09-12
NWL,1980-03-17
NWPX,1995-11-30
NWS,2013-06-19
NWSA,2013-06-19
NWTG,2023-08-15
NXGL,2021-12-22
NXGLW,1900-01-01
NXL,2022-09-16
NXPI,2010-08-06
NXPL,1999-11-02
NXPLW,1900-01-01
NXST,2003-11-25
NXT,2023-02-09
NXTC,2019-05-09
NXTG,2011-02-18
NXTT,2022-07-19
NXXT,2021-09-15
NYAX,2022-09-21
NYXH,2021-04-28
NZAC,2014-11-26
NZUS,2022-04-18
OABI,2021-09-30
OABIW,1900-01-01
OACC,2024-12-16
OACCU,2024-10-24
OACCW,1900-01-01
OAKU,2023-05-19
OAKUR,2023-05-19
OAKUU,2023-03-24
OAKUW,1900-01-01
OBA,2025-08-15
OBAI,2026-02-04
OBAWU,2025-06-25
OBAWW,1900-01-01
OBIL,2022-11-15
OBIO,2020-08-04
OBT,2003-10-15
OBTC,2021-02-12
OCC,1996-04-02
OCCI,2018-10-05
OCCIM,2024-10-03
OCCIN,2021-12-06
OCCIO,2021-04-23
OCFC,1996-07-03
OCG,2020-12-15
OCGN,2014-12-03
OCS,2021-05-18
OCSAW,1900-01-01
OCSL,2008-06-12
OCUL,2014-07-25
ODD,2023-07-19
ODDS,2022-04-11
ODFL,1991-10-24
ODVWZ,1900-01-01
ODYS,2021-01-08
OESX,2007-12-19
OFAL,2025-05-21
OFIX,1992-04-24
OFLX,2005-08-01
OFS,2012-11-08
OFSSH,2021-10-28
OFSSO,2025-07-24
OGI,2019-05-21
OIMAU,2026-01-14
OKLL,2025-06-24
OKTA,2017-04-07
OKTG,2025-11-17
OKUR,2021-04-08
OKYO,2022-05-17
OLB,2012-08-22
OLED,1996-04-11
OLLI,2015-07-16
OLMA,2020-11-19
OLOX,2017-06-22
OLPX,2021-09-30
OM,2020-09-15
OMAB,2006-11-29
OMCL,2001-08-09
OMDA,2025-06-06
OMER,2009-10-08
OMEX,1999-10-26
OMH,2023-03-22
OMSE,2025-05-13
ON,2000-05-02
ONB,1984-06-20
ONBPO,2020-06-19
ONBPP,2020-05-18
ONC,2016-02-03
ONCH,2025-09-12
ONCHU,2025-07-02
ONCHW,1900-01-01
ONCO,2022-02-18
ONCY,2001-10-05
ONDG,2026-01-13
ONDS,2020-12-04
ONEG,2024-12-31
ONEQ,2003-10-01
ONEW,2020-02-07
ONFO,2022-08-26
ONFOW,1900-01-01
ONMD,2021-06-24
ONMDW,1900-01-01
OOQB,2025-02-19
OOSB,2025-02-19
OPAL,2021-05-24
OPBK,2005-08-08
OPCH,1996-08-15
OPEG,2025-12-11
OPEN,2020-06-18
OPENL,2025-12-23
OPENW,2025-12-23
OPENZ,2025-12-23
OPK,1995-11-02
OPPJ,2013-06-28
OPRA,2018-07-27
OPRT,2019-09-26
OPRX,2007-11-28
OPTX,2022-01-26
OPTXW,1900-01-01
OPTZ,2024-04-23
OPXS,2010-05-03
ORBS,2022-05-18
ORCS,2025-11-19
ORCU,2025-11-19
ORCX,2025-02-07
ORGN,2020-09-04
ORGNW,1900-01-01
ORGO,2017-01-05
ORIC,2020-04-24
ORIO,2017-05-16
ORIQ,2025-09-09
ORIQU,2025-07-02
ORIQW,1900-01-01
ORIS,2024-10-18
ORKA,1997-08-08
ORKT,2024-07-25
ORLG,2026-01-15
ORLY,1993-04-23
ORMP,2007-05-01
ORR,2025-01-15
ORRF,1999-05-13
OS,2024-07-24
OSBC,1993-11-16
OSCG,2025-11-05
OSCX,2025-09-25
OSIS,1997-10-02
OSPN,1998-05-21
OSRH,2023-03-21
OSRHW,1900-01-01
OSS,2018-02-01
OST,2022-04-27
OSUR,1986-11-17
OSW,2017-11-17
OTEX,1996-01-24
OTGA,2025-11-03
OTGAU,2025-09-12
OTGAW,2025-12-23
OTGL,2025-07-15
OTLK,2016-06-14
OTLY,2021-05-20
OTTR,1973-02-21
OUST,2020-10-09
OUSTZ,1900-01-01
OVBC,1994-11-04
OVID,2017-05-05
OVLY,2003-10-15
OWLS,2025-10-16
OXBR,2014-03-27
OXBRW,1900-01-01
OXLC,2011-01-21
OXLCG,2025-02-28
OXLCI,2024-07-09
OXLCL,2021-03-18
OXLCN,2022-06-10
OXLCO,2021-08-11
OXLCP,2020-02-06
OXLCZ,2022-01-14
OXSQ,2003-11-24
OXSQG,2021-05-24
OXSQH,2025-08-12
OYSE,2025-07-11
OYSER,2025-07-11
OYSEU,2025-05-22
OZEM,2024-05-21
OZK,1997-07-17
OZKAP,2021-10-29
PAA,1998-11-18
PABD,2024-01-22
PABU,2022-04-20
PACB,2010-10-27
PACH,2025-08-15
PACHU,2025-06-18
PACHW,1900-01-01
PAGP,2013-10-16
PAHC,2014-04-11
PAL,2024-05-09
PALD,2025-03-27
PALI,2007-03-30
PALU,2025-03-27
PAMT,1986-09-10
PANG,2025-03-21
PANL,2013-12-19
PANW,2012-07-20
PARK,2025-12-03
PASG,2020-02-28
PASW,2025-07-18
PATK,1980-03-17
PATN,2024-09-17
PAVM,2016-07-27
PAVS,2019-10-25
PAX,2021-01-22
PAYO,2020-10-16
PAYS,2007-10-10
PAYX,1983-08-26
PBEU,2025-12-01
PBFS,2019-07-18
PBHC,1995-11-16
PBM,2021-12-10
PBMWW,1900-01-01
PBOG,2025-12-01
PBPH,2025-12-01
PBQQ,2025-01-08
PBRG,2025-12-18
PBYI,2012-04-24
PC,2024-09-25
PCAP,2025-07-11
PCAPU,2025-05-21
PCAPW,1900-01-01
PCAR,1980-03-17
PCB,2018-08-10
PCLA,2025-01-16
PCMM,2024-12-03
PCRX,2011-02-03
PCSA,2014-03-07
PCSC,2024-06-12
PCT,2020-07-14
PCTTU,2020-05-05
PCTTW,1900-01-01
PCTY,2014-03-19
PCVX,2020-06-12
PCYO,1994-04-13
PDBA,2022-08-24
PDBC,2014-11-07
PDC,2023-07-25
PDD,2018-07-26
PDDL,2025-07-15
PDEX,1986-08-07
PDFS,2001-07-31
PDLB,2017-10-02
PDP,2007-03-01
PDSB,2015-09-30
PDYN,2021-09-27
PDYNW,2022-08-02
PEBK,1985-10-16
PEBO,1993-02-10
PECO,2021-02-25
PEGA,1996-07-19
PELI,2025-06-12
PELIR,1900-01-01
PELIU,2025-05-23
PENG,2017-05-24
PENN,1994-05-26
PEP,1972-06-01
PEPG,2022-05-06
PEPS,2025-04-22
PERI,2006-01-31
PESI,1992-12-08
PETS,1999-04-26
PETZ,2017-09-21
PEY,2004-12-09
PEZ,2006-10-12
PFAI,2025-04-21
PFBC,1999-08-19
PFDE,2025-12-31
PFF,2007-03-30
PFG,2001-10-23
PFI,2006-10-12
PFIS,2002-06-05
PFM,2005-09-15
PFOE,2025-12-31
PFSA,2025-07-11
PFX,2011-01-20
PFXNZ,2021-11-16
PGAC,2025-01-28
PGACR,1900-01-01
PGACU,2024-12-05
PGC,1999-04-27
PGEN,2013-08-08
PGJ,2004-12-09
PGNY,2019-10-25
PGY,2021-04-21
PGYWW,2022-06-27
PHAR,2020-12-23
PHAT,2019-10-25
PHIO,2012-05-10
PHO,2005-12-06
PHOE,2025-04-25
PHUN,2016-10-28
PHVS,2021-02-05
PI,2016-07-21
PICS,2026-01-30
PID,2005-09-15
PIE,2008-01-07
PIII,2021-04-06
PIIIW,1900-01-01
PIO,2007-06-13
PIZ,2008-01-07
PKBK,2003-06-23
PKOH,1973-02-21
PKW,2006-12-20
PLAB,1987-03-10
PLAY,2014-10-10
PLBC,2002-12-11
PLBL,2025-08-08
PLBY,2020-08-31
PLCE,1997-09-19
PLMK,2025-01-31
PLMKU,2025-01-15
PLMKW,1900-01-01
PLMR,2019-04-17
PLPC,1999-04-28
PLRX,2020-06-03
PLRZ,2024-10-29
PLSE,2016-05-18
PLSM,2026-01-21
PLTD,2024-12-12
PLTG,2025-04-25
PLTK,2021-01-19
PLTR,2020-09-30
PLTS,2025-09-19
PLTU,2024-12-11
PLTZ,2025-06-06
PLUG,1999-10-29
PLUL,2026-01-13
PLUR,2003-06-30
PLUS,1996-11-15
PLUT,2025-02-05
PLXS,1986-02-05
PLYX,2026-02-02
PLYY,2025-09-23
PMAX,2024-09-05
PMBS,2024-09-23
PMCB,2013-01-02
PMEC,2023-10-09
PMN,2007-01-10
PMTR,2025-06-20
PMTRU,2025-05-13
PMTRW,1900-01-01
PMTS,2015-10-08
PMVP,2020-09-25
PN,2025-03-04
PNBK,1994-08-31
PNQI,2008-06-13
PNRG,1980-03-17
PNTG,2019-10-01
POCI,1992-01-16
PODC,2023-09-08
PODD,2007-05-15
POET,2008-06-25
POLA,2016-12-07
POLE,2024-10-28
POLEU,2024-09-06
POLEW,1900-01-01
POM,2025-10-08
PONY,2024-11-27
POOL,1995-10-13
POWI,1997-12-12
POWL,1980-03-17
POWW,2017-02-07
POWWP,2021-05-21
PPBT,2015-11-20
PPC,1987-12-30
PPCB,2013-01-07
PPH,2000-02-01
PPHC,2026-01-28
PPI,2021-12-30
PPIH,1989-12-15
PPSI,2013-05-03
PPTA,2021-02-18
PQAP,2025-02-27
PQJA,2025-01-02
PQJL,2025-01-10
PQOC,2025-01-06
PRAA,2002-11-08
PRAX,2020-10-16
PRCH,2020-01-13
PRCT,2021-09-15
PRDO,1998-01-29
PRE,2021-07-16
PRENW,1900-01-01
PRFX,2020-09-01
PRFZ,2006-09-20
PRGS,1991-07-30
PRHI,2015-08-13
PRHIZ,2024-08-07
PRLD,2020-09-25
PRME,2022-10-20
PRMR,2025-12-09
PRN,2006-10-12
PROF,2019-10-29
PROK,2021-06-30
PROP,2013-02-19
PROV,1996-06-28
PRPL,2015-10-29
PRPO,2017-06-30
PRQR,2014-09-18
PRSO,2001-07-17
PRTA,2012-12-18
PRTC,2020-11-16
PRTH,2016-12-06
PRTS,2007-02-09
PRVA,2021-04-28
PRZO,2023-07-27
PSC,2016-09-22
PSCC,2010-04-07
PSCD,2010-04-07
PSCE,2010-04-07
PSCF,2010-04-07
PSCH,2010-04-07
PSCI,2010-04-07
PSCM,2010-04-07
PSCT,2010-04-07
PSCU,2010-04-07
PSEC,2004-07-27
PSET,2016-03-22
PSHG,2011-01-03
PSIG,2024-07-19
PSIX,2012-04-17
PSKY,2005-12-05
PSL,2006-10-12
PSMT,1997-09-02
PSNL,2019-06-20
PSNY,2021-05-18
PSNYW,2025-10-10
PSTR,2024-04-30
PSTV,2001-07-11
PSWD,2023-07-17
PTC,1989-12-08
PTCT,2013-06-20
PTEN,1993-11-02
PTF,2006-10-12
PTGX,2016-08-11
PTH,2006-10-12
PTIR,2024-09-04
PTLE,2024-10-16
PTLO,2021-10-21
PTNM,2025-05-30
PTNQ,2015-06-12
PTON,2019-09-26
PTORU,2026-01-23
PTRN,2025-09-19
PUBM,2020-12-09
PUI,2005-10-26
PULM,2014-03-21
PURR,2025-12-03
PVLA,2015-01-02
PWP,2020-11-24
PWRD,2022-02-03
PXI,2006-10-12
PXLW,2000-05-19
PXS,2015-11-04
PY,2016-03-22
PYPD,2020-06-26
PYPG,2025-04-04
PYPL,2015-07-06
PYXS,2021-10-08
PYZ,2006-10-12
PZZA,1993-06-08
QABA,2009-07-01
QALT,2025-08-25
QAT,2014-05-01
QB,2025-06-26
QBIG,2024-12-05
QBTZ,2025-10-07
QBUF,2024-07-01
QBY,2025-12-01
QCLN,2007-02-14
QCLR,2021-08-26
QCLS,2014-01-23
QCMD,2025-06-25
QCML,2025-04-03
QCMU,2025-06-25
QCOM,1991-12-13
QCRH,1993-10-06
QDEL,1991-02-01
QDTY,2025-02-13
QETA,2023-11-30
QETAR,1900-01-01
QETAU,2023-10-06
QFIN,2018-12-14
QGRD,2025-07-10
QH,2020-07-10
QHDG,2024-08-20
QIPT,2010-08-10
QLDY,2025-09-18
QLYS,2012-09-28
QMCO,1999-08-02
QMID,2024-01-25
QMMM,2024-07-19
QMOM,2015-12-02
QNCX,2019-05-09
QNRX,2016-08-01
QNST,2010-02-11
QNTM,2018-06-08
QNXT,2024-10-24
QOWZ,2023-12-06
QPUX,2025-08-07
QQA,2024-07-17
QQDN,2025-06-12
QQEW,2006-05-02
QQHG,2025-05-07
QQJG,2021-10-27
QQLV,2024-12-06
QQMG,2021-10-28
QQQ,1999-03-10
QQQA,2021-05-20
QQQE,2012-03-21
QQQG,2024-08-21
QQQH,2019-12-20
QQQI,2024-01-30
QQQJ,2020-10-13
QQQM,2020-10-13
QQQP,2024-10-01
QQQS,2022-10-13
QQQT,2024-06-21
QQQX,2007-02-01
QQQY,2023-09-14
QQUP,2025-06-12
QQWZ,2025-05-08
QQXL,2025-08-15
QQXT,2007-05-07
QRHC,2010-01-05
QRMI,2021-08-26
QRVO,2015-01-02
QS,2020-08-17
QSEA,2025-05-12
QSEAR,1900-01-01
QSEAU,2025-03-19
QSI,2020-11-13
QSIAW,1900-01-01
QSIX,2024-09-24
QSML,2024-01-25
QTEC,2006-05-02
QTI,2021-11-04
QTOP,2024-10-24
QTR,2021-08-26
QTRX,2017-12-07
QTTB,2018-03-28
QTUM,2018-09-05
QUBT,2007-02-01
QUIK,1999-10-18
QUMS,2025-09-30
QUMSR,1900-01-01
QUMSU,2025-08-06
QURE,2014-02-05
QVAL,2014-10-22
QVCGA,2006-05-10
QVCGP,2020-09-01
QXQ,2024-06-14
QYLD,2013-12-12
QYLG,2020-09-23
RAA,2025-02-26
RAAQ,2025-06-02
RAAQU,2025-04-30
RAAQW,1900-01-01
RADX,2024-12-05
RAIL,2005-04-06
RAIN,2025-01-02
RAINW,1900-01-01
RAND,1980-03-17
RANG,2025-01-14
RANGR,1900-01-01
RANGU,2024-12-20
RANI,2021-07-30
RAPP,2024-06-07
RAPT,2019-10-31
RARE,2014-01-31
RAUS,2025-09-12
RAVE,1993-09-01
RAY,2024-05-15
RAYA,2022-12-14
RBB,2017-07-26
RBBN,2000-05-25
RBCAA,1998-07-22
RBIL,2025-02-25
RBKB,2019-01-17
RBNE,2025-04-11
RCAT,2002-01-16
RCAX,2026-02-03
RCEL,2012-05-14
RCGE,2025-02-27
RCKT,2015-02-18
RCKTW,1900-01-01
RCKY,1993-02-03
RCMT,1983-09-12
RCON,2009-07-30
RCT,2025-03-21
RDAC,2024-12-02
RDACR,1900-01-01
RDACU,2024-10-11
RDAG,2025-06-23
RDAGU,2025-05-01
RDAGW,1900-01-01
RDCM,1997-09-25
RDGT,2009-10-01
RDHL,2013-01-07
RDI,1983-12-13
RDIB,2000-01-05
RDNT,1997-01-03
RDNW,2017-02-02
RDTL,2025-03-25
RDTY,2025-03-06
RDVT,2018-03-27
RDVY,2014-01-07
RDWR,1999-09-30
RDZN,2022-01-13
RDZNW,1900-01-01
REAI,2023-06-13
REAL,2019-06-28
REAX,2021-01-08
REBN,2022-08-12
RECT,2024-06-21
REE,2021-01-13
REFI,2021-12-08
REFR,1986-07-08
REG,1993-10-29
REGCO,2023-08-22
REGCP,2023-08-21
REGN,1991-04-02
REIT,2021-02-26
REKR,2017-08-29
RELL,1983-10-28
RELY,2021-09-23
REMG,2025-05-30
RENT,2021-10-27
RENX,2023-09-19
REPL,2018-07-20
RETO,2017-11-29
REVB,2020-11-17
REVBW,1900-01-01
REYN,2020-01-31
RFAI,2024-07-05
RFAIR,1900-01-01
RFAIU,2024-05-17
RFDI,2016-04-14
RFEM,2016-06-15
RFIL,1994-04-06
RGC,2021-07-16
RGCO,1994-02-01
RGEN,1986-04-29
RGLD,1981-06-09
RGLO,2025-05-30
RGNX,2015-09-17
RGP,2000-12-15
RGS,1991-06-21
RGTI,2021-04-22
RGTIW,1900-01-01
RGTX,2025-04-01
RGTZ,2025-10-09
RGYY,2025-11-25
RIBB,2025-03-07
RIBBR,1900-01-01
RIBBU,2025-01-15
RICK,1995-10-13
RIFR,2025-05-14
RIGL,2000-11-29
RILY,2007-08-13
RILYG,2021-12-06
RILYK,2021-03-30
RILYL,2020-09-08
RILYN,2019-09-24
RILYP,2019-10-04
RILYT,2021-01-26
RILYZ,2021-08-09
RIME,1994-11-11
RING,2012-02-02
RINT,2025-05-14
RIOT,2016-03-31
RITR,2024-08-23
RIVN,2021-11-10
RJET,2018-08-10
RKDA,2015-05-15
RKLB,2020-11-24
RKLX,2025-03-13
RKLZ,2025-11-18
RKNG,2026-01-22
RLAY,2020-07-16
RLMD,2014-06-20
RLYB,2021-07-29
RMBI,2019-07-02
RMBS,1997-05-14
RMCF,1986-02-11
RMCO,2021-05-05
RMCOW,1900-01-01
RMNI,2015-08-28
RMR,2015-12-14
RMSG,2021-10-01
RMSGW,1900-01-01
RMTI,1998-01-27
RNA,2020-06-12
RNAC,2016-06-22
RNAZ,2021-07-08
RNEM,2017-07-10
RNGT,2025-11-24
RNGTU,2025-10-03
RNGTW,2025-12-23
RNIN,2025-05-16
RNRG,2015-05-28
RNTX,2017-06-29
RNW,2021-02-01
RNWWW,2021-02-01
RNXT,2021-08-26
ROAD,2018-05-04
ROBT,2018-03-05
ROCK,1993-11-05
ROE,2023-08-01
ROIV,2020-12-08
ROKU,2017-09-28
ROMA,2024-01-09
ROOT,2020-10-28
ROP,1992-02-13
ROST,1985-08-08
RPAY,2018-07-17
RPD,2015-07-17
RPGL,2025-10-14
RPID,2021-07-15
RPRX,2020-06-16
RR,2023-11-17
RRBI,2019-05-03
RRGB,2002-07-19
RRR,2016-04-27
RSSS,2010-11-15
RSVR,2021-01-05
RSVRW,2021-01-25
RTAC,2025-06-09
RTACU,2025-05-16
RTACW,2025-06-09
RTH,2001-05-17
RTXG,2025-06-06
RTYY,2025-12-02
RUBI,2025-08-04
RUM,2021-04-14
RUMBW,1900-01-01
RUN,2015-08-05
RUNN,2023-06-08
RUSC,2025-05-14
RUSHA,2003-10-07
RUSHB,1996-06-07
RVMD,2020-02-13
RVMDW,1900-01-01
RVNL,2025-04-22
RVPH,2018-10-18
RVSB,1993-10-25
RVSN,2022-03-31
RVSNW,1900-01-01
RVYL,2010-04-05
RWAY,2021-10-21
RWAYI,1900-01-01
RWAYL,2022-08-01
RWAYZ,2022-12-08
RXRX,2021-04-16
RXST,2021-07-30
RXT,2020-08-05
RYAAY,1997-05-29
RYET,2025-04-08
RYM,2021-01-28
RYOJ,2025-08-14
RYTM,2017-10-09
RZLT,2013-01-14
RZLV,2021-11-10
RZLVW,1900-01-01
SAAQU,2026-01-28
SABR,2014-04-17
SABS,2021-02-09
SABSW,1900-01-01
SAFT,2002-11-22
SAFX,2025-01-02
SAGT,2025-03-07
SAIA,2002-09-11
SAIC,2013-09-16
SAIH,2021-06-28
SAIHW,1900-01-01
SAIL,2025-02-13
SAMG,2013-06-27
SANA,2021-02-04
SANG,2010-02-22
SANM,1993-04-14
SARK,2021-11-09
SATA,2025-11-06
SATG,2025-12-16
SATL,2021-03-26
SATLW,1900-01-01
SATS,2008-01-02
SAVA,2000-07-14
SBAC,1999-06-16
SBC,2022-09-26
SBCF,1984-02-02
SBCWW,1900-01-01
SBET,1997-05-21
SBFG,1999-01-04
SBFM,2022-02-15
SBFMW,1900-01-01
SBGI,1995-06-07
SBLK,2007-12-03
SBLX,2003-10-07
SBRA,2002-04-02
SBU,2025-11-17
SBUX,1992-06-26
SCAG,2025-06-27
SCAGW,1900-01-01
SCDS,2024-12-18
SCHL,1992-02-25
SCII,2026-01-20
SCIIR,1900-01-01
SCIIU,2025-11-26
SCKT,1999-04-26
SCLS,2025-11-04
SCLX,2021-03-05
SCLXW,1900-01-01
SCNI,2015-05-11
SCNX,2014-02-06
SCOR,2007-06-27
SCPQU,2025-12-23
SCSC,1994-03-18
SCVL,1993-03-16
SCWO,1996-05-17
SCYX,2014-05-02
SCZ,2007-12-12
SCZM,2012-10-02
SDA,2021-04-16
SDAWW,1900-01-01
SDG,2016-04-22
SDGR,2020-02-06
SDHI,2025-06-04
SDHIR,1900-01-01
SDHIU,2025-04-01
SDM,2025-05-02
SDOT,2020-02-13
SDSI,2022-10-13
SDST,2021-03-05
SDSTW,1900-01-01
SDTY,2025-02-06
SDVY,2017-11-03
SEAT,2021-10-20
SEATW,2021-01-04
SEDG,2015-03-26
SEED,2004-03-29
SEEM,2024-10-10
SEER,2020-12-04
SEGG,2023-06-15
SEIC,1981-03-25
SEIE,2024-10-10
SEIS,2024-10-10
SELF,1997-02-07
SELX,2022-06-28
SEMY,2025-11-18
SENEA,1998-06-03
SENEB,1980-03-17
SENS,2015-12-22
SEPN,2024-10-25
SERA,2021-07-15
SERV,2024-03-08
SETM,2023-02-02
SEV,2025-10-16
SEVN,2006-05-26
SEZL,2023-09-13
SFBC,2008-01-09
SFD,2025-01-28
SFHG,2024-10-15
SFIX,2017-11-17
SFLO,2023-12-21
SFM,2013-08-01
SFNC,1985-03-14
SFST,1999-10-28
SFWL,2023-03-31
SGA,1993-03-02
SGC,1973-02-21
SGHT,2021-07-15
SGLY,2008-05-21
SGML,2018-07-03
SGMO,2000-04-06
SGMT,2023-07-14
SGRP,1996-03-01
SGRY,2015-09-30
SHBI,2001-04-09
SHC,2020-11-20
SHEN,1999-04-26
SHFS,2021-08-20
SHFSW,1900-01-01
SHIM,2023-11-14
SHIP,2008-01-30
SHLS,2021-01-28
SHMD,2024-05-01
SHMDW,1900-01-01
SHOO,1993-12-13
SHOP,2015-05-20
SHPD,2025-08-06
SHPH,2022-08-31
SHPU,2025-08-06
SHRY,2017-06-22
SHV,2007-01-11
SHY,2002-07-30
SIBN,2018-10-17
SIDU,2021-12-14
SIEB,1980-03-18
SIFY,1999-10-19
SIGA,1997-09-10
SIGI,1980-03-17
SIGIP,2020-12-03
SILC,1994-02-18
SILO,2021-01-08
SIMA,2024-08-30
SIMAU,2024-07-10
SIMAW,1900-01-01
SIMO,2005-06-30
SINT,2014-02-13
SION,2025-02-07
SIRI,1994-09-13
SITM,2019-11-20
SIXG,2019-03-05
SJ,2019-03-07
SJCP,2024-09-10
SJLD,2025-04-24
SKBL,2025-02-20
SKIN,2020-11-24
SKK,2024-10-08
SKOR,2014-11-13
SKRE,2024-01-04
SKWD,2023-01-13
SKYE,2015-01-06
SKYQ,2024-10-10
SKYT,2021-04-21
SKYU,2021-01-21
SKYW,1986-06-26
SKYX,2022-02-10
SKYY,2011-07-06
SLAB,2000-03-24
SLDB,2018-01-26
SLDE,2025-06-18
SLDP,2021-05-18
SLDPW,1900-01-01
SLE,2019-02-26
SLGB,2025-10-15
SLGL,2018-02-01
SLM,1983-09-23
SLMBP,2005-07-11
SLMT,2023-01-27
SLN,2020-09-08
SLNG,2007-05-16
SLNH,1999-06-14
SLNHP,2021-08-20
SLNO,2014-11-13
SLP,1997-06-18
SLQD,2013-10-17
SLRC,2010-02-09
SLS,2008-03-12
SLSN,1997-11-26
SLVO,2013-04-17
SLVR,2025-01-15
SLXN,2021-04-07
SLXNW,1900-01-01
SMBC,1994-04-12
SMCF,2023-12-13
SMCI,2007-03-29
SMCL,2024-12-13
SMCO,2023-11-29
SMCX,2024-08-21
SMCZ,2025-04-01
SMH,2000-06-05
SMHX,2024-08-28
SMID,1995-12-13
SMMT,2015-03-05
SMOM,2025-09-10
SMPL,2017-07-10
SMRI,2023-09-14
SMSI,1995-09-19
SMST,2024-08-21
SMTC,1980-03-17
SMTI,1994-04-07
SMTK,2024-05-31
SMX,2021-12-09
SMXT,2024-02-27
SMXWW,1900-01-01
SMYY,2025-09-30
SNAG,2025-12-18
SNAL,2022-11-10
SNBR,1998-12-04
SNCR,2006-06-15
SNCY,2021-03-17
SND,2016-11-04
SNDK,2025-02-13
SNDL,2019-08-01
SNDX,2016-03-02
SNES,2016-12-08
SNEX,1995-03-06
SNFCA,1987-08-12
SNGX,1994-04-04
SNOA,2007-01-25
SNPS,1992-02-26
SNSE,2021-02-04
SNSR,2016-09-16
SNT,1993-03-23
SNTG,2021-07-08
SNTI,2021-05-26
SNWV,2024-10-18
SNY,2002-07-01
SNYR,2024-10-23
SOBR,2009-04-03
SOCA,2025-09-05
SOCAU,2025-07-16
SOCAW,1900-01-01
SOCL,2011-11-15
SOFI,2021-01-04
SOFX,2025-01-16
SOGP,2020-01-17
SOHO,2004-12-17
SOHOB,2016-09-07
SOHON,2019-04-12
SOHOO,2017-10-10
SOHU,2000-07-12
SOLC,2025-11-18
SOLS,2025-10-20
SOLT,2025-03-20
SOLZ,2025-03-20
SONM,2019-05-10
SONO,2018-08-02
SOPA,2021-11-09
SOPH,2021-07-23
SORA,2025-04-02
SORNU,2026-01-06
SOTK,1999-04-26
SOUN,2022-04-28
SOUNW,1900-01-01
SOUX,2025-06-24
SOWG,2010-07-01
SOXQ,2021-06-11
SOXX,2001-07-13
SPAI,2024-08-28
SPAM,2023-12-08
SPAQ,2023-01-30
SPBC,2021-05-25
SPCB,2005-02-17
SPCT,2025-10-01
SPCX,2020-12-16
SPEG,2025-09-09
SPEGR,1900-01-01
SPEGU,2025-07-15
SPFI,2019-05-09
SPHL,2024-10-18
SPIT,2025-10-06
SPKL,2023-11-27
SPKLU,2023-10-06
SPKLW,1900-01-01
SPOG,2025-11-17
SPOK,2004-11-17
SPPL,2023-09-13
SPRB,2020-10-09
SPRC,2021-08-30
SPRO,2017-11-02
SPRX,2021-08-04
SPRY,2020-12-04
SPSC,2010-04-22
SPT,2019-12-13
SPWH,2014-04-17
SPWR,2023-01-03
SPWRW,1900-01-01
SPXD,2025-07-25
SPYQ,2024-10-01
SQFT,2020-10-07
SQFTP,2021-06-09
SQFTW,1900-01-01
SQLV,2017-07-13
SQQQ,2010-02-11
SRAD,2021-09-14
SRBK,2023-09-20
SRCE,1983-08-12
SRET,2015-03-17
SRPT,1997-06-04
SRRK,2018-05-25
SRTA,2019-11-05
SRTAW,1900-01-01
SRTS,2016-07-26
SRZN,2021-01-11
SRZNW,1900-01-01
SSBI,2006-07-14
SSEA,2025-10-02
SSEAR,1900-01-01
SSEAU,2025-08-08
SSII,2024-08-07
SSKN,2005-11-03
SSM,2021-11-17
SSNC,2010-03-31
SSP,1988-06-30
SSRM,1996-08-01
SSS,2026-01-30
SSSS,2011-04-28
SSSSL,2021-12-17
SSTI,2017-06-07
SSYS,1994-10-21
STAA,1992-02-24
STAI,2023-03-15
STAK,2025-02-26
STBA,1992-04-21
STEP,2020-09-16
STEX,2014-10-31
STFS,2024-10-11
STGW,1995-04-17
STHO,2023-03-28
STI,2022-05-02
STIM,2018-06-28
STKE,2021-01-08
STKH,2021-03-12
STKL,1986-01-20
STKS,2014-06-27
STLD,1996-11-22
STNC,2021-03-16
STNE,2018-10-25
STOK,2019-06-19
STRA,1996-07-25
STRC,2025-07-30
STRD,2025-06-06
STRF,2025-03-26
STRK,2025-02-03
STRL,1991-07-12
STRO,2018-09-27
STRR,2003-03-18
STRRP,2019-09-13
STRS,1992-07-01
STRT,1995-02-23
STRZ,2025-05-07
STSS,2022-04-14
STSSW,1900-01-01
STTK,2020-10-09
STX,2002-12-11
SUGP,2024-01-24
SUIG,2010-03-09
SUNE,1981-11-18
SUNS,2024-07-09
SUPN,2012-05-01
SUPP,2023-02-15
SUPX,2024-04-17
SURG,2018-01-17
SUSB,2017-07-18
SUSC,2017-07-20
SUSL,2019-05-10
SUUN,2024-04-08
SVA,2003-09-26
SVAC,2025-09-30
SVACU,2025-09-04
SVACW,1900-01-01
SVAQU,2025-12-23
SVC,1995-08-17
SVCC,2025-03-24
SVCCU,2025-01-30
SVCCW,1900-01-01
SVCO,2024-05-09
SVRA,2017-04-28
SVRE,2022-06-03
SVREW,1900-01-01
SVRN,2021-11-30
SWAG,2021-11-09
SWAGW,1900-01-01
SWBI,1999-08-17
SWIM,2021-04-23
SWKH,1999-09-23
SWKHL,2023-10-04
SWKS,1984-09-07
SWP,2024-09-25
SWVL,2021-03-15
SWVLW,1900-01-01
SXTC,2019-01-04
SXTP,2023-07-12
SXTPW,1900-01-01
SY,2019-05-02
SYBT,1993-03-24
SYM,2021-03-09
SYNA,2002-01-29
SYPR,1994-05-18
SYRE,2016-04-07
SYZ,2025-09-15
SZZL,2025-05-23
SZZLR,1900-01-01
SZZLU,2025-04-02
TACH,2025-06-02
TACHU,2025-04-09
TACHW,1900-01-01
TACO,2025-06-05
TACOU,2025-04-30
TACOW,1900-01-01
TACT,1996-08-22
TALK,2020-07-30
TALKW,1900-01-01
TANH,2015-03-24
TAOP,2006-09-22
TAOX,2020-12-08
TARA,2014-10-22
TARK,2022-05-02
TARS,2020-10-16
TASK,2021-06-11
TATT,1987-03-31
TAVI,2024-12-20
TAVIR,1900-01-01
TAVIU,2024-12-04
TAX,2024-12-18
TAXE,2024-07-10
TAXI,2025-08-19
TAXS,2025-08-19
TAXT,2025-08-19
TAYD,1980-11-05
TBBK,2004-02-03
TBCH,2010-11-15
TBH,2025-03-06
TBHC,2002-07-30
TBIL,2022-08-09
TBLA,2021-06-30
TBLAW,1900-01-01
TBLD,2021-07-28
TBMC,2023-05-15
TBMCR,2023-03-29
TBPH,2014-05-16
TBRG,2002-05-21
TC,2018-11-20
TCBI,2003-08-13
TCBIO,2021-03-26
TCBK,1993-04-20
TCBS,2021-07-16
TCHI,2022-02-01
TCMD,2016-07-28
TCOM,2003-12-09
TCPC,2012-04-04
TCRT,2005-08-24
TCRX,2021-07-16
TCX,1996-04-30
TDAC,2025-02-13
TDACU,2024-12-23
TDACW,1900-01-01
TDI,2023-12-11
TDIC,2025-07-23
TDIV,2012-08-14
TDOG,2026-01-22
TDSB,2020-09-17
TDSC,2020-09-17
TDTH,2024-09-10
TDUP,2021-03-26
TDWD,2025-12-08
TDWDR,1900-01-01
TDWDU,2025-11-07
TEAD,2021-07-23
TEAM,2015-12-09
TECH,1989-02-09
TECTP,2019-05-30
TECX,2018-06-21
TEKX,2024-09-10
TEKY,2025-04-07
TELA,2019-11-08
TELO,2024-02-09
TEM,2024-06-14
TENB,2018-07-26
TENX,1994-04-04
TER,1973-02-21
TERG,2025-11-17
TERN,2021-02-05
TEXN,2025-06-24
TEXX,2026-01-22
TFNS,2025-06-12
TFSL,2007-04-23
TGHL,2025-08-28
TGL,2022-08-11
TGTX,2010-05-03
TH,2018-03-12
THAR,2022-01-12
THCH,2021-03-11
THFF,1992-03-03
THH,2025-08-27
THMZ,2025-04-07
THRM,1993-06-10
THRV,2025-09-30
THRY,2018-04-18
THYM,2025-11-21
TIGO,2019-01-09
TIGR,2019-03-20
TIL,2021-03-19
TILE,1983-04-14
TIPT,2010-10-15
TIRX,2021-01-28
TITN,2007-12-13
TIVC,2021-11-11
TJGC,2025-01-22
TKLF,2022-01-18
TKNO,2021-06-25
TLA,2026-02-03
TLF,1993-09-27
TLIH,2025-07-08
TLN,2023-06-02
TLNC,2025-10-08
TLNCU,2025-09-09
TLNCW,1900-01-01
TLPH,2011-02-11
TLRY,2018-07-19
TLS,2020-11-19
TLSA,2018-11-20
TLSI,2021-02-08
TLSIW,2021-02-09
TLT,2002-07-30
TLX,2024-11-14
TMB,2025-02-05
TMC,2021-09-10
TMCI,2021-04-23
TMCWW,2021-09-14
TMDX,2019-05-02
TMED,2025-06-12
TMET,2024-06-12
TMNL,2025-11-21
TMNS,2025-11-21
TMSF,2025-11-21
TMUS,2007-04-19
TMUSI,2025-08-06
TMUSL,2025-08-06
TMUSZ,2025-08-06
TNDM,2013-11-14
TNGX,2020-09-03
TNMG,2022-02-22
TNON,2022-04-27
TNONW,1900-01-01
TNXP,2012-05-10
TNXT,2026-01-29
TNYA,2021-07-30
TOI,2020-06-04
TOIIW,1900-01-01
TOMZ,2008-06-20
TONX,2014-11-21
TOP,2022-06-01
TORO,2023-03-03
TOUR,2014-05-09
TOWN,1999-05-05
TOYO,2022-03-17
TPCS,2007-12-27
TPG,2022-01-13
TPGXL,2024-03-05
TPLS,2025-02-05
TPST,2012-11-12
TQQQ,2010-02-11
TQQY,2025-02-26
TRAW,2013-07-25
TRBF,2025-10-07
TRDA,2021-10-29
TREE,2008-08-12
TRI,2002-06-12
TRIB,1992-10-21
TRIN,2021-01-29
TRINI,2024-07-22
TRINZ,2024-03-27
TRIP,2011-12-07
TRMB,1990-07-20
TRMD,2018-02-23
TRMK,1980-03-17
TRNR,2023-04-28
TRNS,1977-12-05
TRON,2023-08-15
TROO,2008-04-09
TROW,1986-04-02
TRS,2007-05-18
TRSG,2024-04-19
TRST,1983-04-20
TRUD,2025-08-21
TRUG,2021-12-02
TRUP,2014-07-18
TRUT,2025-08-21
TRVG,2016-12-16
TRVI,2019-05-07
TSAT,2005-07-27
TSBK,1998-01-13
TSCM,2025-12-30
TSCO,1994-02-17
TSDD,2023-08-28
TSEL,2025-01-03
TSEM,1994-10-26
TSHA,2020-09-24
TSL,2022-08-09
TSLA,2010-06-29
TSLG,2024-12-13
TSLL,2022-08-09
TSLQ,2022-07-14
TSLR,2023-08-28
TSLS,2022-08-10
TSMG,2025-01-14
TSMU,2024-11-12
TSMX,2024-10-03
TSMZ,2024-10-03
TSPY,2024-08-15
TSSI,2005-09-29
TSYX,2026-01-07
TSYY,2024-12-18
TTAN,2024-12-12
TTD,2016-09-21
TTEC,1996-08-01
TTEK,1991-12-17
TTEQ,2024-10-24
TTGT,2007-05-17
TTMI,2000-09-25
TTRX,2025-10-08
TTWO,1997-04-15
TUG,2022-05-20
TUGN,2022-05-20
TULP,1991-06-25
TUR,2008-03-28
TURB,2023-09-22
TURF,2025-06-12
TUSK,2016-10-14
TVA,2025-05-16
TVACU,2025-04-23
TVACW,1900-01-01
TVAI,2025-07-02
TVAIR,1900-01-01
TVAIU,2025-05-15
TVGN,2022-01-05
TVGNW,1900-01-01
TVRD,2014-01-31
TVTX,2012-11-08
TW,2019-04-04
TWAV,1995-06-19
TWFG,2024-07-18
TWG,2024-04-17
TWIN,1980-03-17
TWLV,2026-01-09
TWLVR,1900-01-01
TWLVU,2025-12-12
TWST,2018-10-31
TXG,2019-09-12
TXMD,2007-05-09
TXN,1972-06-01
TXRH,2004-10-05
TXUE,2025-01-22
TXUG,2025-01-23
TXXD,2025-11-20
TXXS,2025-12-04
TYGO,2021-09-03
TYRA,2021-09-15
TZOO,2002-08-28
UAE,2014-05-01
UAL,2006-02-06
UBCP,1993-03-02
UBFO,1999-03-03
UBND,2021-10-05
UBRL,2024-09-04
UBSI,1987-06-04
UBXG,2024-03-28
UCAR,2023-04-20
UCFI,2024-02-16
UCFIW,1900-01-01
UCL,2020-06-10
UCRD,2021-10-05
UCTT,2004-03-25
UCYB,2021-01-21
UDMY,2021-10-29
UEIC,1993-02-12
UEVM,2017-10-27
UFCS,1980-03-18
UFG,2025-01-14
UFIV,2023-03-28
UFO,2019-04-11
UFPI,1993-11-10
UFPT,1993-12-17
UG,1980-03-17
UGRO,2019-11-14
UHG,2021-03-29
UHGWW,1900-01-01
UITB,2017-10-27
UIVM,2017-10-27
UK,2019-11-07
ULBI,1992-12-23
ULCC,2021-04-01
ULH,2005-02-11
ULTA,2007-10-25
ULTI,2025-10-31
ULVM,2017-10-27
ULY,2023-10-19
UMBF,1980-03-17
UMBFO,2025-05-30
UMMA,2022-01-07
UNB,1999-08-09
UNCY,2021-07-12
UNHG,2025-07-22
UNIT,2015-04-20
UNIY,2023-02-07
UNTY,1997-01-14
UOKA,2019-01-08
UONE,1999-05-06
UONEK,2000-06-07
UPB,2024-10-11
UPBD,1995-01-25
UPC,2021-03-23
UPGR,2023-07-14
UPLD,2014-11-06
UPSG,2025-12-11
UPST,2020-12-16
UPWK,2018-10-03
UPXI,2021-06-24
URBN,1993-11-09
URGN,2017-05-04
URNJ,2023-02-02
UROY,2021-04-28
USAF,2024-11-20
USAR,2023-07-17
USAU,1980-03-17
USCB,2021-07-23
USCL,2023-06-08
USDX,2024-02-29
USEA,2022-07-06
USEG,1980-03-17
USFI,2023-07-27
USGG,2026-01-13
USGO,2023-04-20
USGOW,1900-01-01
USIG,2007-01-11
USIN,2024-03-14
USIO,1999-02-22
USLM,1980-03-17
USMC,2017-10-12
USOI,2017-04-26
USOY,2024-05-10
USRD,2023-12-13
USSH,2024-03-14
USTB,2017-10-27
USVM,2017-10-27
USVN,2023-03-28
USXF,2020-06-18
UTEN,2022-08-09
UTHR,1999-06-17
UTHY,2023-03-28
UTMD,1999-03-08
UTRE,2023-03-28
UTSI,2000-03-03
UTWO,2022-08-09
UTWY,2023-03-28
UUUG,2026-01-13
UVSP,1998-04-16
UXIN,2018-06-27
UYLD,2022-10-25
UYSC,2025-05-27
UYSCR,1900-01-01
UYSCU,2025-03-31
VABK,1999-05-04
VACH,2024-09-30
VACHU,2024-08-09
VACHW,1900-01-01
VALG,2025-12-18
VALN,2021-05-05
VALU,1983-05-10
VANI,2014-11-19
VAVX,2026-01-26
VBIL,2025-02-12
VBIX,2012-09-25
VBNK,2021-08-27
VC,2010-10-05
VCEL,1997-02-04
VCIC,2024-10-28
VCICU,2024-09-09
VCICW,1900-01-01
VCIG,2023-04-13
VCIT,2009-11-23
VCLT,2009-11-23
VCRB,2023-12-14
VCSH,2009-11-23
VCTR,2018-02-08
VCYT,2013-10-30
VECO,1994-11-29
VEEA,2021-05-06
VEEAW,1900-01-01
VEEE,2021-07-21
VELO,2021-01-25
VEON,1996-11-15
VERA,2021-05-14
VERI,2017-05-12
VERO,2017-10-12
VERU,1999-02-11
VERX,2020-07-29
VFF,2019-02-21
VFLO,2023-06-22
VFS,2021-09-07
VFSWW,2023-08-25
VGAS,2021-10-04
VGASW,1900-01-01
VGIT,2009-11-23
VGLT,2010-01-04
VGSH,2009-11-23
VGSR,2023-12-04
VGUS,2025-02-12
VHC,1999-07-30
VHCPU,2025-12-18
VHUB,2026-01-30
VIASP,2017-03-10
VIAV,1993-11-17
VICR,1990-04-03
VIGI,2016-03-02
VINP,2021-01-28
VIOT,2018-09-25
VIR,2019-10-11
VIRC,1980-03-18
VISN,2013-10-25
VITL,2020-07-31
VIVS,2012-02-14
VKTX,2015-04-28
VLGEA,1973-02-21
VLY,1990-03-23
VLYPN,2024-07-30
VLYPO,2018-10-11
VLYPP,2018-10-11
VMAR,2020-11-24
VMBS,2009-11-23
VMD,2019-08-09
VNCE,2013-11-22
VNDA,2006-04-12
VNET,2011-04-21
VNME,2025-08-22
VNMEU,2025-07-02
VNMEW,1900-01-01
VNOM,2014-06-18
VNQI,2010-11-01
VOD,1988-11-02
VOLT,2024-12-05
VONE,2010-09-22
VONG,2010-09-22
VONV,2010-09-22
VOR,2021-02-05
VOTE,2021-06-23
VOXR,2020-08-04
VPLS,2023-12-07
VRA,2010-10-21
VRAR,2021-07-01
VRAX,2022-07-21
VRCA,2018-06-15
VRDN,2014-06-18
VREX,2017-01-23
VRIG,2016-09-22
VRM,2025-02-20
VRME,2000-12-05
VRNS,2014-02-28
VRRM,2017-03-24
VRSK,2009-10-07
VRSN,1998-01-30
VRTL,2025-03-25
VRTX,1991-07-24
VS,2012-08-13
VSA,2014-04-03
VSAT,1996-12-03
VSDA,2017-04-18
VSEC,1982-10-22
VSEE,2021-12-31
VSEEW,1900-01-01
VSME,2023-09-27
VSMV,2017-06-26
VSNT,2025-12-15
VSOL,2025-11-17
VSTD,2022-09-09
VSTL,2025-07-22
VSTM,2012-01-27
VTC,2017-11-09
VTGN,2011-06-21
VTHR,2010-09-22
VTIP,2012-10-16
VTIX,2026-01-27
VTRS,1980-03-17
VTSI,2012-09-25
VTVT,2015-07-30
VTWG,2010-09-22
VTWO,2010-09-22
VTWV,2010-09-22
VTYX,2021-10-21
VUZI,2010-04-05
VVOS,2020-12-11
VVPR,2015-05-27
VWAV,2025-07-15
VWAVW,1900-01-01
VWOB,2013-06-04
VXUS,2011-01-28
VYGR,2015-11-11
VYMI,2016-03-02
VYNE,2018-01-25
WABC,1980-03-17
WABF,2023-09-21
WAFD,1982-11-09
WAFDP,2021-02-02
WAFU,2019-04-30
WAI,2023-04-18
WALD,2021-05-12
WALDW,2021-05-19
WASH,1987-06-08
WATT,2014-03-28
WAVE,2021-07-01
WAY,2024-06-07
WB,2014-04-17
WBD,2005-07-08
WBTN,2024-06-27
WBUY,2023-10-19
WCBR,2021-01-28
WCLD,2019-09-06
WCT,2024-10-02
WDAF,2025-09-12
WDAY,2012-10-12
WDC,1978-10-31
WDFC,1973-05-03
WDGF,2025-09-12
WEEI,2024-05-01
WEN,1980-05-06
WENN,2025-07-07
WENNU,2025-05-16
WENNW,1900-01-01
WERN,1986-06-20
WEST,2021-10-20
WETH,2024-02-21
WETO,2025-02-27
WEYS,1980-03-17
WFCF,2006-11-15
WFF,2025-03-27
WFRD,2021-01-04
WGMI,2022-02-08
WGRX,2025-02-21
WGS,2020-11-04
WGSWW,1900-01-01
WHF,2012-12-06
WHFCL,2023-08-28
WHLR,2012-11-19
WHLRD,2017-07-21
WHLRL,2021-09-03
WHLRP,2015-01-29
WHWK,2018-02-16
WILC,1997-05-20
WIMI,2020-04-01
WINA,1993-08-25
WING,2015-06-12
WISE,2023-12-08
WIX,2013-11-06
WKEY,2019-01-11
WKHS,2010-06-02
WKSP,2001-06-21
WLAC,2024-12-30
WLACU,2024-11-08
WLACW,1900-01-01
WLDN,2006-11-21
WLDS,2022-09-13
WLDSW,1900-01-01
WLFC,1996-09-18
WLTH,2025-12-15
WMG,2020-06-03
WMT,1972-08-25
WNEB,2002-05-02
WNW,2020-12-15
WOK,2024-08-23
WOOD,2008-06-25
WOOF,2021-01-14
WORX,2016-10-06
WPRT,2008-08-15
WRAP,2018-05-29
WRD,2024-10-25
WRLD,1991-11-26
WRND,2022-02-08
WSBC,1987-05-08
WSBCO,2025-09-11
WSBF,2005-10-05
WSBK,2025-05-02
WSC,2015-11-05
WSFS,1986-11-26
WSGE,2025-12-12
WSHP,2025-11-14
WSML,2025-04-03
WSTN,2025-12-31
WSTNR,1900-01-01
WSTNU,2026-01-13
WTBA,1999-05-03
WTBN,2023-12-20
WTF,2025-04-01
WTFC,1998-04-16
WTFCN,2025-05-09
WTG,2025-07-21
WTGUR,1900-01-01
WTGUU,2025-05-29
WTIP,2025-06-18
WTMU,2025-04-03
WTMY,2025-04-03
WTO,2021-04-06
WTW,2001-06-12
WULF,1994-04-05
WVE,2015-11-11
WVVI,1994-09-14
WVVIP,2016-08-30
WW,2025-06-27
WWD,1994-04-04
WXM,2025-04-01
WYFI,2025-08-07
WYHG,2024-11-26
WYNN,2002-10-25
XAIR,2018-06-12
XAIX,2024-08-02
XBCI,2026-02-03
XBIL,2023-03-07
XBIO,2016-06-30
XBIT,2015-04-15
XBP,2021-05-05
XBPEW,1900-01-01
XBTY,2025-05-13
XCBEU,2026-01-21
XCH,2024-09-10
XCNY,2024-09-05
XCUR,2018-05-22
XEL,1973-02-21
XELB,2012-10-02
XELLL,2025-10-08
XENE,2014-11-05
XERS,2018-06-21
XFOR,2017-11-16
XGN,2019-09-19
XHG,2019-11-05
XHLD,2025-02-13
XLO,2021-10-22
XMAG,2024-10-22
XMTR,2021-06-30
XNCR,2013-12-03
XNET,2014-06-24
XOMA,1986-06-06
XOMAO,2021-04-12
XOMAP,2020-12-16
XOMX,2025-04-23
XOMZ,2025-04-23
XOS,2020-12-08
XOSWW,1900-01-01
XOVR,2017-11-08
XP,2019-12-11
XPEG,2026-01-15
XPEL,2019-07-01
XPON,2022-04-01
XQQI,2026-02-03
XRAY,1987-08-12
XRPC,2025-11-13
XRPI,2025-05-22
XRPN,2025-06-24
XRPNU,2025-05-21
XRPNW,1900-01-01
XRPT,2025-05-22
XRTX,2021-09-23
XRX,1900-01-01
XSLLU,2026-01-30
XSPI,2026-02-03
XT,2015-03-23
XTIA,2012-08-03
XTKG,2019-04-02
XTLB,2005-09-01
XWEL,2010-07-27
XWIN,2011-10-17
XXII,2011-01-26
XXX,2026-01-30
XYZG,2025-04-04
YAAS,2024-12-20
YB,2025-04-30
YBMN,2025-11-25
YBST,2025-12-16
YBTY,2025-12-16
YDDL,2025-10-09
YDES,2025-08-26
YDESW,1900-01-01
YDKG,2007-11-07
YHC,2023-08-10
YHGJ,2003-05-29
YHNA,2024-11-08
YHNAR,1900-01-01
YHNAU,2024-09-18
YI,2018-09-12
YIBO,2024-01-25
YJ,2019-05-03
YLDE,2017-05-26
YMAT,2025-07-30
YMT,2025-08-19
YNOT,2025-07-10
YOKE,2025-04-03
YORW,1999-05-03
YOUL,2025-07-10
YQ,2020-12-04
YQQQ,2024-08-15
YSPY,2025-04-03
YSXT,2024-12-18
YTRA,2016-12-19
YXT,2024-08-16
YYAI,2021-01-08
YYGH,2024-04-22
Z,2015-08-03
ZAP,2024-12-18
ZBAI,2019-05-03
ZBAO,2024-04-02
ZBIO,2024-09-13
ZBRA,1991-08-15
ZCMD,2020-02-25
ZD,1999-07-23
ZDAI,2024-07-23
ZENA,2024-10-01
ZENV,2021-07-22
ZEO,2021-12-16
ZEOWW,1900-01-01
ZEUS,1994-03-10
ZG,2011-07-20
ZGM,2025-09-09
ZHOG,2023-09-06
ZION,1980-03-17
ZIONP,2007-01-05
ZJK,2024-09-30
ZJYL,2023-03-28
ZKIN,2017-09-01
ZKP,2026-02-04
ZKPU,2026-01-09
ZKPW,1900-01-01
ZLAB,2017-09-20
ZM,2019-04-18
ZMUN,2025-09-30
ZNB,2008-11-11
ZNTL,2020-04-03
ZOOZ,2024-04-05
ZOOZW,1900-01-01
ZS,2018-03-16
ZSPC,2024-12-05
ZSTK,2021-05-11
ZTEK,2012-04-02
ZTEN,2024-01-11
ZTOP,2025-04-15
ZTRE,2024-01-11
ZTWO,2024-01-11
ZUMZ,2005-05-06
ZURA,2023-03-21
ZVRA,2015-04-16
ZYBT,2025-01-07
ZYME,2017-04-28
